2026-06-18 10:03:09.931 [main] INFO  com.money.ExchangeApplication - Starting ExchangeApplication using Java 21.0.6 with PID 20728 (C:\Spring\exchange\build\classes\java\main started by perud in C:\Spring\exchange)
2026-06-18 10:03:09.946 [main] INFO  com.money.ExchangeApplication - No active profile set, falling back to 1 default profile: "default"
2026-06-18 10:03:10.927 [main] INFO  o.s.d.r.c.RepositoryConfigurationDelegate - Bootstrapping Spring Data JPA repositories in DEFAULT mode.
2026-06-18 10:03:11.092 [main] INFO  o.s.d.r.c.RepositoryConfigurationDelegate - Finished Spring Data repository scanning in 152 ms. Found 11 JPA repository interfaces.
2026-06-18 10:03:11.703 [main] INFO  o.s.boot.tomcat.TomcatWebServer - Tomcat initialized with port 8080 (http)
2026-06-18 10:03:11.719 [main] INFO  o.a.coyote.http11.Http11NioProtocol - Initializing ProtocolHandler ["http-nio-8080"]
2026-06-18 10:03:11.723 [main] INFO  o.a.catalina.core.StandardService - Starting service [Tomcat]
2026-06-18 10:03:11.723 [main] INFO  o.a.catalina.core.StandardEngine - Starting Servlet engine: [Apache Tomcat/11.0.15]
2026-06-18 10:03:11.794 [main] INFO  o.s.b.w.c.s.WebApplicationContextInitializer - Root WebApplicationContext: initialization completed in 1783 ms
2026-06-18 10:03:12.056 [main] INFO  org.hibernate.orm.jpa - HHH008540: Processing PersistenceUnitInfo [name: default]
2026-06-18 10:03:12.131 [main] INFO  org.hibernate.orm.core - HHH000001: Hibernate ORM core version 7.2.1.Final
2026-06-18 10:03:12.811 [main] INFO  o.s.o.j.p.SpringPersistenceUnitInfo - No LoadTimeWeaver setup: ignoring JPA class transformer
2026-06-18 10:03:12.849 [main] INFO  com.zaxxer.hikari.HikariDataSource - HikariPool-1 - Starting...
2026-06-18 10:03:12.998 [main] INFO  com.zaxxer.hikari.pool.HikariPool - HikariPool-1 - Added connection org.mariadb.jdbc.Connection@511d5e6e
2026-06-18 10:03:13.000 [main] INFO  com.zaxxer.hikari.HikariDataSource - HikariPool-1 - Start completed.
2026-06-18 10:03:13.069 [main] INFO  o.hibernate.orm.connections.pooling - HHH10001005: Database info:
	Database JDBC URL [jdbc:mariadb://localhost/exchange?user=perudeim&password=***]
	Database driver: MariaDB Connector/J
	Database dialect: MariaDBDialect
	Database version: 11.7.2
	Default catalog/schema: exchange/undefined
	Autocommit mode: undefined/unknown
	Isolation level: REPEATABLE_READ [default REPEATABLE_READ]
	JDBC fetch size: none
	Pool: DataSourceConnectionProvider
	Minimum pool size: undefined/unknown
	Maximum pool size: undefined/unknown
2026-06-18 10:03:14.215 [main] INFO  org.hibernate.orm.core - HHH000489: No JTA platform available (set 'hibernate.transaction.jta.platform' to enable JTA platform integration)
2026-06-18 10:03:14.220 [main] INFO  org.hibernate.orm.jdbc.batch - HHH100501: Automatic JDBC statement batching enabled (maximum batch size 1000)
2026-06-18 10:03:14.614 [main] INFO  o.s.o.j.LocalContainerEntityManagerFactoryBean - Initialized JPA EntityManagerFactory for persistence unit 'default'
2026-06-18 10:03:14.728 [main] INFO  o.s.d.j.r.q.QueryEnhancerFactories - Hibernate is in classpath; If applicable, HQL parser will be used.
2026-06-18 10:03:15.859 [main] INFO  c.m.e.scheduler.RateHistoryScheduler - 서버 시작 시 최근 환율 데이터 저장 시작
2026-06-18 10:03:16.840 [main] INFO  c.m.e.s.RateHistoryImportService - 환율 데이터 수집 완료. currencyCode=USD, days=7
2026-06-18 10:03:16.974 [main] INFO  c.m.e.s.RateHistoryImportService - 환율 데이터 수집 완료. currencyCode=JPY, days=7
2026-06-18 10:03:17.178 [main] INFO  c.m.e.s.RateHistoryImportService - 환율 데이터 수집 완료. currencyCode=EUR, days=7
2026-06-18 10:03:17.626 [main] INFO  c.m.e.s.RateHistoryImportService - 환율 데이터 수집 완료. currencyCode=CNY, days=7
2026-06-18 10:03:17.820 [main] INFO  c.m.e.s.RateHistoryImportService - 환율 데이터 수집 완료. currencyCode=GBP, days=7
2026-06-18 10:03:18.803 [main] INFO  c.m.e.s.RateHistoryImportService - 환율 데이터 수집 완료. currencyCode=AUD, days=7
2026-06-18 10:03:19.055 [main] INFO  c.m.e.s.RateHistoryImportService - 환율 데이터 수집 완료. currencyCode=CAD, days=7
2026-06-18 10:03:19.356 [main] INFO  c.m.e.s.RateHistoryImportService - 환율 데이터 수집 완료. currencyCode=CHF, days=7
2026-06-18 10:03:19.662 [main] INFO  c.m.e.s.RateHistoryImportService - 환율 데이터 수집 완료. currencyCode=HKD, days=7
2026-06-18 10:03:20.185 [main] INFO  c.m.e.s.RateHistoryImportService - 환율 데이터 수집 완료. currencyCode=SGD, days=7
2026-06-18 10:03:20.352 [main] INFO  c.m.e.s.RateHistoryImportService - 환율 데이터 수집 완료. currencyCode=THB, days=7
2026-06-18 10:03:20.501 [main] INFO  c.m.e.s.RateHistoryImportService - 환율 데이터 수집 완료. currencyCode=MYR, days=7
2026-06-18 10:03:20.675 [main] INFO  c.m.e.s.RateHistoryImportService - 환율 데이터 수집 완료. currencyCode=IDR, days=7
2026-06-18 10:03:20.805 [main] INFO  c.m.e.s.RateHistoryImportService - 환율 데이터 수집 완료. currencyCode=PHP, days=7
2026-06-18 10:03:20.983 [main] INFO  c.m.e.s.RateHistoryImportService - 환율 데이터 수집 완료. currencyCode=VND, days=7
2026-06-18 10:03:21.117 [main] INFO  c.m.e.s.RateHistoryImportService - 환율 데이터 수집 완료. currencyCode=TWD, days=7
2026-06-18 10:03:21.289 [main] INFO  c.m.e.s.RateHistoryImportService - 환율 데이터 수집 완료. currencyCode=NZD, days=7
2026-06-18 10:03:21.423 [main] INFO  c.m.e.s.RateHistoryImportService - 환율 데이터 수집 완료. currencyCode=SEK, days=7
2026-06-18 10:03:21.573 [main] INFO  c.m.e.s.RateHistoryImportService - 환율 데이터 수집 완료. currencyCode=NOK, days=7
2026-06-18 10:03:21.712 [main] INFO  c.m.e.s.RateHistoryImportService - 환율 데이터 수집 완료. currencyCode=DKK, days=7
2026-06-18 10:03:21.841 [main] INFO  c.m.e.s.RateHistoryImportService - 환율 데이터 수집 완료. currencyCode=AED, days=7
2026-06-18 10:03:21.957 [main] INFO  c.m.e.s.RateHistoryImportService - 환율 데이터 수집 완료. currencyCode=SAR, days=7
2026-06-18 10:03:22.184 [main] INFO  c.m.e.s.RateHistoryImportService - 환율 데이터 수집 완료. currencyCode=KWD, days=7
2026-06-18 10:03:22.318 [main] INFO  c.m.e.s.RateHistoryImportService - 환율 데이터 수집 완료. currencyCode=BHD, days=7
2026-06-18 10:03:22.318 [main] INFO  c.m.e.s.RateHistoryImportService - 최근 환율 데이터 수집 종료. days=7
2026-06-18 10:03:22.334 [main] INFO  c.m.e.scheduler.RateHistoryScheduler - 서버 시작 시 최근 환율 데이터 저장 완료
2026-06-18 10:03:22.846 [main] WARN  o.s.b.j.a.JpaBaseConfiguration$JpaWebConfiguration - spring.jpa.open-in-view is enabled by default. Therefore, database queries may be performed during view rendering. Explicitly configure spring.jpa.open-in-view to disable this warning
2026-06-18 10:03:23.215 [main] INFO  o.a.coyote.http11.Http11NioProtocol - Starting ProtocolHandler ["http-nio-8080"]
2026-06-18 10:03:23.249 [main] INFO  o.s.boot.tomcat.TomcatWebServer - Tomcat started on port 8080 (http) with context path '/'
2026-06-18 10:03:23.263 [main] INFO  com.money.ExchangeApplication - Started ExchangeApplication in 14.04 seconds (process running for 14.671)
2026-06-18 10:03:24.842 [http-nio-8080-exec-2] INFO  o.a.c.c.C.[Tomcat].[localhost].[/] - Initializing Spring DispatcherServlet 'dispatcherServlet'
2026-06-18 10:03:24.843 [http-nio-8080-exec-2] INFO  o.s.web.servlet.DispatcherServlet - Initializing Servlet 'dispatcherServlet'
2026-06-18 10:03:24.854 [http-nio-8080-exec-2] INFO  o.s.web.servlet.DispatcherServlet - Completed initialization in 9 ms
2026-06-18 10:21:30.693 [main] INFO  com.money.ExchangeApplication - Starting ExchangeApplication using Java 21.0.6 with PID 38960 (C:\Spring\exchange\build\classes\java\main started by perud in C:\Spring\exchange)
2026-06-18 10:21:30.696 [main] INFO  com.money.ExchangeApplication - No active profile set, falling back to 1 default profile: "default"
2026-06-18 10:21:31.745 [main] INFO  o.s.d.r.c.RepositoryConfigurationDelegate - Bootstrapping Spring Data JPA repositories in DEFAULT mode.
2026-06-18 10:21:31.864 [main] INFO  o.s.d.r.c.RepositoryConfigurationDelegate - Finished Spring Data repository scanning in 110 ms. Found 11 JPA repository interfaces.
2026-06-18 10:21:32.559 [main] INFO  o.s.boot.tomcat.TomcatWebServer - Tomcat initialized with port 8080 (http)
2026-06-18 10:21:32.575 [main] INFO  o.a.coyote.http11.Http11NioProtocol - Initializing ProtocolHandler ["http-nio-8080"]
2026-06-18 10:21:32.577 [main] INFO  o.a.catalina.core.StandardService - Starting service [Tomcat]
2026-06-18 10:21:32.578 [main] INFO  o.a.catalina.core.StandardEngine - Starting Servlet engine: [Apache Tomcat/11.0.15]
2026-06-18 10:21:32.652 [main] INFO  o.s.b.w.c.s.WebApplicationContextInitializer - Root WebApplicationContext: initialization completed in 1895 ms
2026-06-18 10:21:32.930 [main] INFO  org.hibernate.orm.jpa - HHH008540: Processing PersistenceUnitInfo [name: default]
2026-06-18 10:21:33.026 [main] INFO  org.hibernate.orm.core - HHH000001: Hibernate ORM core version 7.2.1.Final
2026-06-18 10:21:33.774 [main] INFO  o.s.o.j.p.SpringPersistenceUnitInfo - No LoadTimeWeaver setup: ignoring JPA class transformer
2026-06-18 10:21:33.817 [main] INFO  com.zaxxer.hikari.HikariDataSource - HikariPool-1 - Starting...
2026-06-18 10:21:33.962 [main] INFO  com.zaxxer.hikari.pool.HikariPool - HikariPool-1 - Added connection org.mariadb.jdbc.Connection@29f8134
2026-06-18 10:21:33.966 [main] INFO  com.zaxxer.hikari.HikariDataSource - HikariPool-1 - Start completed.
2026-06-18 10:21:34.043 [main] INFO  o.hibernate.orm.connections.pooling - HHH10001005: Database info:
	Database JDBC URL [jdbc:mariadb://localhost/exchange?user=perudeim&password=***]
	Database driver: MariaDB Connector/J
	Database dialect: MariaDBDialect
	Database version: 11.7.2
	Default catalog/schema: exchange/undefined
	Autocommit mode: undefined/unknown
	Isolation level: REPEATABLE_READ [default REPEATABLE_READ]
	JDBC fetch size: none
	Pool: DataSourceConnectionProvider
	Minimum pool size: undefined/unknown
	Maximum pool size: undefined/unknown
2026-06-18 10:21:35.191 [main] INFO  org.hibernate.orm.core - HHH000489: No JTA platform available (set 'hibernate.transaction.jta.platform' to enable JTA platform integration)
2026-06-18 10:21:35.195 [main] INFO  org.hibernate.orm.jdbc.batch - HHH100501: Automatic JDBC statement batching enabled (maximum batch size 1000)
2026-06-18 10:21:35.561 [main] INFO  o.s.o.j.LocalContainerEntityManagerFactoryBean - Initialized JPA EntityManagerFactory for persistence unit 'default'
2026-06-18 10:21:35.660 [main] INFO  o.s.d.j.r.q.QueryEnhancerFactories - Hibernate is in classpath; If applicable, HQL parser will be used.
2026-06-18 10:21:36.565 [main] INFO  c.m.e.scheduler.RateHistoryScheduler - 서버 시작 시 최근 환율 데이터 저장 시작
2026-06-18 10:21:37.407 [main] INFO  c.m.e.s.RateHistoryImportService - 환율 데이터 수집 완료. currencyCode=USD, days=7
2026-06-18 10:21:37.557 [main] INFO  c.m.e.s.RateHistoryImportService - 환율 데이터 수집 완료. currencyCode=JPY, days=7
2026-06-18 10:21:37.677 [main] INFO  c.m.e.s.RateHistoryImportService - 환율 데이터 수집 완료. currencyCode=EUR, days=7
2026-06-18 10:21:38.027 [main] INFO  c.m.e.s.RateHistoryImportService - 환율 데이터 수집 완료. currencyCode=CNY, days=7
2026-06-18 10:21:38.219 [main] INFO  c.m.e.s.RateHistoryImportService - 환율 데이터 수집 완료. currencyCode=GBP, days=7
2026-06-18 10:21:38.351 [main] INFO  c.m.e.s.RateHistoryImportService - 환율 데이터 수집 완료. currencyCode=AUD, days=7
2026-06-18 10:21:38.474 [main] INFO  c.m.e.s.RateHistoryImportService - 환율 데이터 수집 완료. currencyCode=CAD, days=7
2026-06-18 10:21:38.608 [main] INFO  c.m.e.s.RateHistoryImportService - 환율 데이터 수집 완료. currencyCode=CHF, days=7
2026-06-18 10:21:38.743 [main] INFO  c.m.e.s.RateHistoryImportService - 환율 데이터 수집 완료. currencyCode=HKD, days=7
2026-06-18 10:21:39.048 [main] INFO  c.m.e.s.RateHistoryImportService - 환율 데이터 수집 완료. currencyCode=SGD, days=7
2026-06-18 10:21:39.168 [main] INFO  c.m.e.s.RateHistoryImportService - 환율 데이터 수집 완료. currencyCode=THB, days=7
2026-06-18 10:21:39.284 [main] INFO  c.m.e.s.RateHistoryImportService - 환율 데이터 수집 완료. currencyCode=MYR, days=7
2026-06-18 10:21:39.408 [main] INFO  c.m.e.s.RateHistoryImportService - 환율 데이터 수집 완료. currencyCode=IDR, days=7
2026-06-18 10:21:39.520 [main] INFO  c.m.e.s.RateHistoryImportService - 환율 데이터 수집 완료. currencyCode=PHP, days=7
2026-06-18 10:21:39.763 [main] INFO  c.m.e.s.RateHistoryImportService - 환율 데이터 수집 완료. currencyCode=VND, days=7
2026-06-18 10:21:39.888 [main] INFO  c.m.e.s.RateHistoryImportService - 환율 데이터 수집 완료. currencyCode=TWD, days=7
2026-06-18 10:21:40.020 [main] INFO  c.m.e.s.RateHistoryImportService - 환율 데이터 수집 완료. currencyCode=NZD, days=7
2026-06-18 10:21:40.185 [main] INFO  c.m.e.s.RateHistoryImportService - 환율 데이터 수집 완료. currencyCode=SEK, days=7
2026-06-18 10:21:40.307 [main] INFO  c.m.e.s.RateHistoryImportService - 환율 데이터 수집 완료. currencyCode=NOK, days=7
2026-06-18 10:21:40.583 [main] INFO  c.m.e.s.RateHistoryImportService - 환율 데이터 수집 완료. currencyCode=DKK, days=7
2026-06-18 10:21:40.697 [main] INFO  c.m.e.s.RateHistoryImportService - 환율 데이터 수집 완료. currencyCode=AED, days=7
2026-06-18 10:21:40.829 [main] INFO  c.m.e.s.RateHistoryImportService - 환율 데이터 수집 완료. currencyCode=SAR, days=7
2026-06-18 10:21:40.944 [main] INFO  c.m.e.s.RateHistoryImportService - 환율 데이터 수집 완료. currencyCode=KWD, days=7
2026-06-18 10:21:41.082 [main] INFO  c.m.e.s.RateHistoryImportService - 환율 데이터 수집 완료. currencyCode=BHD, days=7
2026-06-18 10:21:41.082 [main] INFO  c.m.e.s.RateHistoryImportService - 최근 환율 데이터 수집 종료. days=7
2026-06-18 10:21:41.087 [main] INFO  c.m.e.scheduler.RateHistoryScheduler - 서버 시작 시 최근 환율 데이터 저장 완료
2026-06-18 10:21:41.906 [main] WARN  o.s.b.j.a.JpaBaseConfiguration$JpaWebConfiguration - spring.jpa.open-in-view is enabled by default. Therefore, database queries may be performed during view rendering. Explicitly configure spring.jpa.open-in-view to disable this warning
2026-06-18 10:21:42.444 [main] INFO  o.a.coyote.http11.Http11NioProtocol - Starting ProtocolHandler ["http-nio-8080"]
2026-06-18 10:21:42.476 [main] INFO  o.s.boot.tomcat.TomcatWebServer - Tomcat started on port 8080 (http) with context path '/'
2026-06-18 10:21:42.490 [main] INFO  com.money.ExchangeApplication - Started ExchangeApplication in 12.542 seconds (process running for 13.08)
2026-06-18 10:21:47.926 [http-nio-8080-exec-1] INFO  o.a.c.c.C.[Tomcat].[localhost].[/] - Initializing Spring DispatcherServlet 'dispatcherServlet'
2026-06-18 10:21:47.926 [http-nio-8080-exec-1] INFO  o.s.web.servlet.DispatcherServlet - Initializing Servlet 'dispatcherServlet'
2026-06-18 10:21:47.928 [http-nio-8080-exec-1] INFO  o.s.web.servlet.DispatcherServlet - Completed initialization in 2 ms
2026-06-18 10:22:43.109 [http-nio-8080-exec-3] INFO  c.m.f.s.FlightOptionSeedService - 항공권 범위 생성 시작 : 2025-12-01 ~ 2026-02-01
2026-06-18 10:22:44.098 [http-nio-8080-exec-3] INFO  c.m.f.s.FlightOptionSeedService - 항공권 생성 중 날짜 : 2025-12-01
2026-06-18 10:22:44.099 [http-nio-8080-exec-3] INFO  c.m.f.s.FlightOptionSeedService - 항공권 생성 중 날짜 : 2025-12-02
2026-06-18 10:22:44.099 [http-nio-8080-exec-3] INFO  c.m.f.s.FlightOptionSeedService - 항공권 생성 중 날짜 : 2025-12-03
2026-06-18 10:22:44.100 [http-nio-8080-exec-3] INFO  c.m.f.s.FlightOptionSeedService - 항공권 생성 중 날짜 : 2025-12-04
2026-06-18 10:22:44.100 [http-nio-8080-exec-3] INFO  c.m.f.s.FlightOptionSeedService - 항공권 생성 중 날짜 : 2025-12-05
2026-06-18 10:22:44.101 [http-nio-8080-exec-3] INFO  c.m.f.s.FlightOptionSeedService - 항공권 생성 중 날짜 : 2025-12-06
2026-06-18 10:22:44.101 [http-nio-8080-exec-3] INFO  c.m.f.s.FlightOptionSeedService - 항공권 생성 중 날짜 : 2025-12-07
2026-06-18 10:22:44.101 [http-nio-8080-exec-3] INFO  c.m.f.s.FlightOptionSeedService - 항공권 생성 중 날짜 : 2025-12-08
2026-06-18 10:22:44.102 [http-nio-8080-exec-3] INFO  c.m.f.s.FlightOptionSeedService - 항공권 생성 중 날짜 : 2025-12-09
2026-06-18 10:22:44.102 [http-nio-8080-exec-3] INFO  c.m.f.s.FlightOptionSeedService - 항공권 생성 중 날짜 : 2025-12-10
2026-06-18 10:22:44.103 [http-nio-8080-exec-3] INFO  c.m.f.s.FlightOptionSeedService - 항공권 생성 중 날짜 : 2025-12-11
2026-06-18 10:22:44.103 [http-nio-8080-exec-3] INFO  c.m.f.s.FlightOptionSeedService - 항공권 생성 중 날짜 : 2025-12-12
2026-06-18 10:22:44.103 [http-nio-8080-exec-3] INFO  c.m.f.s.FlightOptionSeedService - 항공권 생성 중 날짜 : 2025-12-13
2026-06-18 10:22:44.104 [http-nio-8080-exec-3] INFO  c.m.f.s.FlightOptionSeedService - 항공권 생성 중 날짜 : 2025-12-14
2026-06-18 10:22:44.104 [http-nio-8080-exec-3] INFO  c.m.f.s.FlightOptionSeedService - 항공권 생성 중 날짜 : 2025-12-15
2026-06-18 10:22:44.104 [http-nio-8080-exec-3] INFO  c.m.f.s.FlightOptionSeedService - 항공권 생성 중 날짜 : 2025-12-16
2026-06-18 10:22:44.105 [http-nio-8080-exec-3] INFO  c.m.f.s.FlightOptionSeedService - 항공권 생성 중 날짜 : 2025-12-17
2026-06-18 10:22:44.105 [http-nio-8080-exec-3] INFO  c.m.f.s.FlightOptionSeedService - 항공권 생성 중 날짜 : 2025-12-18
2026-06-18 10:22:44.106 [http-nio-8080-exec-3] INFO  c.m.f.s.FlightOptionSeedService - 항공권 생성 중 날짜 : 2025-12-19
2026-06-18 10:22:44.106 [http-nio-8080-exec-3] INFO  c.m.f.s.FlightOptionSeedService - 항공권 생성 중 날짜 : 2025-12-20
2026-06-18 10:22:44.109 [http-nio-8080-exec-3] INFO  c.m.f.s.FlightOptionSeedService - 항공권 생성 중 날짜 : 2025-12-21
2026-06-18 10:22:44.109 [http-nio-8080-exec-3] INFO  c.m.f.s.FlightOptionSeedService - 항공권 생성 중 날짜 : 2025-12-22
2026-06-18 10:22:44.110 [http-nio-8080-exec-3] INFO  c.m.f.s.FlightOptionSeedService - 항공권 생성 중 날짜 : 2025-12-23
2026-06-18 10:22:44.110 [http-nio-8080-exec-3] INFO  c.m.f.s.FlightOptionSeedService - 항공권 생성 중 날짜 : 2025-12-24
2026-06-18 10:22:44.111 [http-nio-8080-exec-3] INFO  c.m.f.s.FlightOptionSeedService - 항공권 생성 중 날짜 : 2025-12-25
2026-06-18 10:22:44.111 [http-nio-8080-exec-3] INFO  c.m.f.s.FlightOptionSeedService - 항공권 생성 중 날짜 : 2025-12-26
2026-06-18 10:22:44.111 [http-nio-8080-exec-3] INFO  c.m.f.s.FlightOptionSeedService - 항공권 생성 중 날짜 : 2025-12-27
2026-06-18 10:22:44.111 [http-nio-8080-exec-3] INFO  c.m.f.s.FlightOptionSeedService - 항공권 생성 중 날짜 : 2025-12-28
2026-06-18 10:22:44.111 [http-nio-8080-exec-3] INFO  c.m.f.s.FlightOptionSeedService - 항공권 생성 중 날짜 : 2025-12-29
2026-06-18 10:22:44.112 [http-nio-8080-exec-3] INFO  c.m.f.s.FlightOptionSeedService - 항공권 생성 중 날짜 : 2025-12-30
2026-06-18 10:22:44.112 [http-nio-8080-exec-3] INFO  c.m.f.s.FlightOptionSeedService - 항공권 생성 중 날짜 : 2025-12-31
2026-06-18 10:22:44.112 [http-nio-8080-exec-3] INFO  c.m.f.s.FlightOptionSeedService - 항공권 생성 중 날짜 : 2026-01-01
2026-06-18 10:22:44.113 [http-nio-8080-exec-3] INFO  c.m.f.s.FlightOptionSeedService - 항공권 생성 중 날짜 : 2026-01-02
2026-06-18 10:22:44.113 [http-nio-8080-exec-3] INFO  c.m.f.s.FlightOptionSeedService - 항공권 생성 중 날짜 : 2026-01-03
2026-06-18 10:22:44.113 [http-nio-8080-exec-3] INFO  c.m.f.s.FlightOptionSeedService - 항공권 생성 중 날짜 : 2026-01-04
2026-06-18 10:22:44.114 [http-nio-8080-exec-3] INFO  c.m.f.s.FlightOptionSeedService - 항공권 생성 중 날짜 : 2026-01-05
2026-06-18 10:22:44.114 [http-nio-8080-exec-3] INFO  c.m.f.s.FlightOptionSeedService - 항공권 생성 중 날짜 : 2026-01-06
2026-06-18 10:22:44.114 [http-nio-8080-exec-3] INFO  c.m.f.s.FlightOptionSeedService - 항공권 생성 중 날짜 : 2026-01-07
2026-06-18 10:22:44.114 [http-nio-8080-exec-3] INFO  c.m.f.s.FlightOptionSeedService - 항공권 생성 중 날짜 : 2026-01-08
2026-06-18 10:22:44.115 [http-nio-8080-exec-3] INFO  c.m.f.s.FlightOptionSeedService - 항공권 생성 중 날짜 : 2026-01-09
2026-06-18 10:22:44.115 [http-nio-8080-exec-3] INFO  c.m.f.s.FlightOptionSeedService - 항공권 생성 중 날짜 : 2026-01-10
2026-06-18 10:22:44.115 [http-nio-8080-exec-3] INFO  c.m.f.s.FlightOptionSeedService - 항공권 생성 중 날짜 : 2026-01-11
2026-06-18 10:22:44.116 [http-nio-8080-exec-3] INFO  c.m.f.s.FlightOptionSeedService - 항공권 생성 중 날짜 : 2026-01-12
2026-06-18 10:22:44.116 [http-nio-8080-exec-3] INFO  c.m.f.s.FlightOptionSeedService - 항공권 생성 중 날짜 : 2026-01-13
2026-06-18 10:22:44.116 [http-nio-8080-exec-3] INFO  c.m.f.s.FlightOptionSeedService - 항공권 생성 중 날짜 : 2026-01-14
2026-06-18 10:22:44.117 [http-nio-8080-exec-3] INFO  c.m.f.s.FlightOptionSeedService - 항공권 생성 중 날짜 : 2026-01-15
2026-06-18 10:22:44.117 [http-nio-8080-exec-3] INFO  c.m.f.s.FlightOptionSeedService - 항공권 생성 중 날짜 : 2026-01-16
2026-06-18 10:22:44.117 [http-nio-8080-exec-3] INFO  c.m.f.s.FlightOptionSeedService - 항공권 생성 중 날짜 : 2026-01-17
2026-06-18 10:22:44.117 [http-nio-8080-exec-3] INFO  c.m.f.s.FlightOptionSeedService - 항공권 생성 중 날짜 : 2026-01-18
2026-06-18 10:22:44.118 [http-nio-8080-exec-3] INFO  c.m.f.s.FlightOptionSeedService - 항공권 생성 중 날짜 : 2026-01-19
2026-06-18 10:22:44.118 [http-nio-8080-exec-3] INFO  c.m.f.s.FlightOptionSeedService - 항공권 생성 중 날짜 : 2026-01-20
2026-06-18 10:22:44.118 [http-nio-8080-exec-3] INFO  c.m.f.s.FlightOptionSeedService - 항공권 생성 중 날짜 : 2026-01-21
2026-06-18 10:22:44.118 [http-nio-8080-exec-3] INFO  c.m.f.s.FlightOptionSeedService - 항공권 생성 중 날짜 : 2026-01-22
2026-06-18 10:22:44.119 [http-nio-8080-exec-3] INFO  c.m.f.s.FlightOptionSeedService - 항공권 생성 중 날짜 : 2026-01-23
2026-06-18 10:22:44.119 [http-nio-8080-exec-3] INFO  c.m.f.s.FlightOptionSeedService - 항공권 생성 중 날짜 : 2026-01-24
2026-06-18 10:22:44.119 [http-nio-8080-exec-3] INFO  c.m.f.s.FlightOptionSeedService - 항공권 생성 중 날짜 : 2026-01-25
2026-06-18 10:22:44.119 [http-nio-8080-exec-3] INFO  c.m.f.s.FlightOptionSeedService - 항공권 생성 중 날짜 : 2026-01-26
2026-06-18 10:22:44.120 [http-nio-8080-exec-3] INFO  c.m.f.s.FlightOptionSeedService - 항공권 생성 중 날짜 : 2026-01-27
2026-06-18 10:22:44.120 [http-nio-8080-exec-3] INFO  c.m.f.s.FlightOptionSeedService - 항공권 생성 중 날짜 : 2026-01-28
2026-06-18 10:22:44.120 [http-nio-8080-exec-3] INFO  c.m.f.s.FlightOptionSeedService - 항공권 생성 중 날짜 : 2026-01-29
2026-06-18 10:22:44.120 [http-nio-8080-exec-3] INFO  c.m.f.s.FlightOptionSeedService - 항공권 생성 중 날짜 : 2026-01-30
2026-06-18 10:22:44.121 [http-nio-8080-exec-3] INFO  c.m.f.s.FlightOptionSeedService - 항공권 생성 중 날짜 : 2026-01-31
2026-06-18 10:22:44.121 [http-nio-8080-exec-3] INFO  c.m.f.s.FlightOptionSeedService - 항공권 생성 중 날짜 : 2026-02-01
2026-06-18 10:22:44.121 [http-nio-8080-exec-3] INFO  c.m.f.s.FlightOptionSeedService - 항공권 범위 생성 완료 : 2025-12-01 ~ 2026-02-01, 생성 건수: 0
2026-06-18 10:24:05.274 [http-nio-8080-exec-5] INFO  c.m.f.s.FlightOptionSeedService - 항공권 범위 생성 시작 : 2025-12-01 ~ 2026-02-01
2026-06-18 10:24:05.608 [http-nio-8080-exec-5] INFO  c.m.f.s.FlightOptionSeedService - 항공권 생성 중 날짜 : 2025-12-01
2026-06-18 10:24:05.609 [http-nio-8080-exec-5] INFO  c.m.f.s.FlightOptionSeedService - 항공권 생성 중 날짜 : 2025-12-02
2026-06-18 10:24:05.609 [http-nio-8080-exec-5] INFO  c.m.f.s.FlightOptionSeedService - 항공권 생성 중 날짜 : 2025-12-03
2026-06-18 10:24:05.609 [http-nio-8080-exec-5] INFO  c.m.f.s.FlightOptionSeedService - 항공권 생성 중 날짜 : 2025-12-04
2026-06-18 10:24:05.610 [http-nio-8080-exec-5] INFO  c.m.f.s.FlightOptionSeedService - 항공권 생성 중 날짜 : 2025-12-05
2026-06-18 10:24:05.610 [http-nio-8080-exec-5] INFO  c.m.f.s.FlightOptionSeedService - 항공권 생성 중 날짜 : 2025-12-06
2026-06-18 10:24:05.610 [http-nio-8080-exec-5] INFO  c.m.f.s.FlightOptionSeedService - 항공권 생성 중 날짜 : 2025-12-07
2026-06-18 10:24:05.611 [http-nio-8080-exec-5] INFO  c.m.f.s.FlightOptionSeedService - 항공권 생성 중 날짜 : 2025-12-08
2026-06-18 10:24:05.611 [http-nio-8080-exec-5] INFO  c.m.f.s.FlightOptionSeedService - 항공권 생성 중 날짜 : 2025-12-09
2026-06-18 10:24:05.611 [http-nio-8080-exec-5] INFO  c.m.f.s.FlightOptionSeedService - 항공권 생성 중 날짜 : 2025-12-10
2026-06-18 10:24:05.615 [http-nio-8080-exec-5] INFO  c.m.f.s.FlightOptionSeedService - 항공권 생성 중 날짜 : 2025-12-11
2026-06-18 10:24:05.616 [http-nio-8080-exec-5] INFO  c.m.f.s.FlightOptionSeedService - 항공권 생성 중 날짜 : 2025-12-12
2026-06-18 10:24:05.616 [http-nio-8080-exec-5] INFO  c.m.f.s.FlightOptionSeedService - 항공권 생성 중 날짜 : 2025-12-13
2026-06-18 10:24:05.616 [http-nio-8080-exec-5] INFO  c.m.f.s.FlightOptionSeedService - 항공권 생성 중 날짜 : 2025-12-14
2026-06-18 10:24:05.617 [http-nio-8080-exec-5] INFO  c.m.f.s.FlightOptionSeedService - 항공권 생성 중 날짜 : 2025-12-15
2026-06-18 10:24:05.617 [http-nio-8080-exec-5] INFO  c.m.f.s.FlightOptionSeedService - 항공권 생성 중 날짜 : 2025-12-16
2026-06-18 10:24:05.617 [http-nio-8080-exec-5] INFO  c.m.f.s.FlightOptionSeedService - 항공권 생성 중 날짜 : 2025-12-17
2026-06-18 10:24:05.617 [http-nio-8080-exec-5] INFO  c.m.f.s.FlightOptionSeedService - 항공권 생성 중 날짜 : 2025-12-18
2026-06-18 10:24:05.617 [http-nio-8080-exec-5] INFO  c.m.f.s.FlightOptionSeedService - 항공권 생성 중 날짜 : 2025-12-19
2026-06-18 10:24:05.618 [http-nio-8080-exec-5] INFO  c.m.f.s.FlightOptionSeedService - 항공권 생성 중 날짜 : 2025-12-20
2026-06-18 10:24:05.618 [http-nio-8080-exec-5] INFO  c.m.f.s.FlightOptionSeedService - 항공권 생성 중 날짜 : 2025-12-21
2026-06-18 10:24:05.618 [http-nio-8080-exec-5] INFO  c.m.f.s.FlightOptionSeedService - 항공권 생성 중 날짜 : 2025-12-22
2026-06-18 10:24:05.618 [http-nio-8080-exec-5] INFO  c.m.f.s.FlightOptionSeedService - 항공권 생성 중 날짜 : 2025-12-23
2026-06-18 10:24:05.618 [http-nio-8080-exec-5] INFO  c.m.f.s.FlightOptionSeedService - 항공권 생성 중 날짜 : 2025-12-24
2026-06-18 10:24:05.618 [http-nio-8080-exec-5] INFO  c.m.f.s.FlightOptionSeedService - 항공권 생성 중 날짜 : 2025-12-25
2026-06-18 10:24:05.618 [http-nio-8080-exec-5] INFO  c.m.f.s.FlightOptionSeedService - 항공권 생성 중 날짜 : 2025-12-26
2026-06-18 10:24:05.618 [http-nio-8080-exec-5] INFO  c.m.f.s.FlightOptionSeedService - 항공권 생성 중 날짜 : 2025-12-27
2026-06-18 10:24:05.618 [http-nio-8080-exec-5] INFO  c.m.f.s.FlightOptionSeedService - 항공권 생성 중 날짜 : 2025-12-28
2026-06-18 10:24:05.619 [http-nio-8080-exec-5] INFO  c.m.f.s.FlightOptionSeedService - 항공권 생성 중 날짜 : 2025-12-29
2026-06-18 10:24:05.619 [http-nio-8080-exec-5] INFO  c.m.f.s.FlightOptionSeedService - 항공권 생성 중 날짜 : 2025-12-30
2026-06-18 10:24:05.619 [http-nio-8080-exec-5] INFO  c.m.f.s.FlightOptionSeedService - 항공권 생성 중 날짜 : 2025-12-31
2026-06-18 10:24:05.619 [http-nio-8080-exec-5] INFO  c.m.f.s.FlightOptionSeedService - 항공권 생성 중 날짜 : 2026-01-01
2026-06-18 10:24:05.619 [http-nio-8080-exec-5] INFO  c.m.f.s.FlightOptionSeedService - 항공권 생성 중 날짜 : 2026-01-02
2026-06-18 10:24:05.619 [http-nio-8080-exec-5] INFO  c.m.f.s.FlightOptionSeedService - 항공권 생성 중 날짜 : 2026-01-03
2026-06-18 10:24:05.619 [http-nio-8080-exec-5] INFO  c.m.f.s.FlightOptionSeedService - 항공권 생성 중 날짜 : 2026-01-04
2026-06-18 10:24:05.619 [http-nio-8080-exec-5] INFO  c.m.f.s.FlightOptionSeedService - 항공권 생성 중 날짜 : 2026-01-05
2026-06-18 10:24:05.620 [http-nio-8080-exec-5] INFO  c.m.f.s.FlightOptionSeedService - 항공권 생성 중 날짜 : 2026-01-06
2026-06-18 10:24:05.620 [http-nio-8080-exec-5] INFO  c.m.f.s.FlightOptionSeedService - 항공권 생성 중 날짜 : 2026-01-07
2026-06-18 10:24:05.620 [http-nio-8080-exec-5] INFO  c.m.f.s.FlightOptionSeedService - 항공권 생성 중 날짜 : 2026-01-08
2026-06-18 10:24:05.621 [http-nio-8080-exec-5] INFO  c.m.f.s.FlightOptionSeedService - 항공권 생성 중 날짜 : 2026-01-09
2026-06-18 10:24:05.621 [http-nio-8080-exec-5] INFO  c.m.f.s.FlightOptionSeedService - 항공권 생성 중 날짜 : 2026-01-10
2026-06-18 10:24:05.621 [http-nio-8080-exec-5] INFO  c.m.f.s.FlightOptionSeedService - 항공권 생성 중 날짜 : 2026-01-11
2026-06-18 10:24:05.621 [http-nio-8080-exec-5] INFO  c.m.f.s.FlightOptionSeedService - 항공권 생성 중 날짜 : 2026-01-12
2026-06-18 10:24:05.621 [http-nio-8080-exec-5] INFO  c.m.f.s.FlightOptionSeedService - 항공권 생성 중 날짜 : 2026-01-13
2026-06-18 10:24:05.622 [http-nio-8080-exec-5] INFO  c.m.f.s.FlightOptionSeedService - 항공권 생성 중 날짜 : 2026-01-14
2026-06-18 10:24:05.622 [http-nio-8080-exec-5] INFO  c.m.f.s.FlightOptionSeedService - 항공권 생성 중 날짜 : 2026-01-15
2026-06-18 10:24:05.622 [http-nio-8080-exec-5] INFO  c.m.f.s.FlightOptionSeedService - 항공권 생성 중 날짜 : 2026-01-16
2026-06-18 10:24:05.622 [http-nio-8080-exec-5] INFO  c.m.f.s.FlightOptionSeedService - 항공권 생성 중 날짜 : 2026-01-17
2026-06-18 10:24:05.622 [http-nio-8080-exec-5] INFO  c.m.f.s.FlightOptionSeedService - 항공권 생성 중 날짜 : 2026-01-18
2026-06-18 10:24:05.622 [http-nio-8080-exec-5] INFO  c.m.f.s.FlightOptionSeedService - 항공권 생성 중 날짜 : 2026-01-19
2026-06-18 10:24:05.624 [http-nio-8080-exec-5] INFO  c.m.f.s.FlightOptionSeedService - 항공권 생성 중 날짜 : 2026-01-20
2026-06-18 10:24:05.624 [http-nio-8080-exec-5] INFO  c.m.f.s.FlightOptionSeedService - 항공권 생성 중 날짜 : 2026-01-21
2026-06-18 10:24:05.624 [http-nio-8080-exec-5] INFO  c.m.f.s.FlightOptionSeedService - 항공권 생성 중 날짜 : 2026-01-22
2026-06-18 10:24:05.624 [http-nio-8080-exec-5] INFO  c.m.f.s.FlightOptionSeedService - 항공권 생성 중 날짜 : 2026-01-23
2026-06-18 10:24:05.624 [http-nio-8080-exec-5] INFO  c.m.f.s.FlightOptionSeedService - 항공권 생성 중 날짜 : 2026-01-24
2026-06-18 10:24:05.624 [http-nio-8080-exec-5] INFO  c.m.f.s.FlightOptionSeedService - 항공권 생성 중 날짜 : 2026-01-25
2026-06-18 10:24:05.624 [http-nio-8080-exec-5] INFO  c.m.f.s.FlightOptionSeedService - 항공권 생성 중 날짜 : 2026-01-26
2026-06-18 10:24:05.624 [http-nio-8080-exec-5] INFO  c.m.f.s.FlightOptionSeedService - 항공권 생성 중 날짜 : 2026-01-27
2026-06-18 10:24:05.624 [http-nio-8080-exec-5] INFO  c.m.f.s.FlightOptionSeedService - 항공권 생성 중 날짜 : 2026-01-28
2026-06-18 10:24:05.624 [http-nio-8080-exec-5] INFO  c.m.f.s.FlightOptionSeedService - 항공권 생성 중 날짜 : 2026-01-29
2026-06-18 10:24:05.624 [http-nio-8080-exec-5] INFO  c.m.f.s.FlightOptionSeedService - 항공권 생성 중 날짜 : 2026-01-30
2026-06-18 10:24:05.624 [http-nio-8080-exec-5] INFO  c.m.f.s.FlightOptionSeedService - 항공권 생성 중 날짜 : 2026-01-31
2026-06-18 10:24:05.624 [http-nio-8080-exec-5] INFO  c.m.f.s.FlightOptionSeedService - 항공권 생성 중 날짜 : 2026-02-01
2026-06-18 10:24:05.625 [http-nio-8080-exec-5] INFO  c.m.f.s.FlightOptionSeedService - 항공권 범위 생성 완료 : 2025-12-01 ~ 2026-02-01, 생성 건수: 0
2026-06-18 10:32:51.166 [http-nio-8080-exec-9] INFO  c.m.f.s.FlightOptionSeedService - 항공권 범위 생성 시작 : 2025-05-01 ~ 2025-06-01
2026-06-18 10:32:51.704 [http-nio-8080-exec-9] INFO  c.m.f.s.FlightOptionSeedService - 항공권 생성 중 날짜 : 2025-05-01
2026-06-18 10:32:53.979 [http-nio-8080-exec-9] INFO  c.m.f.s.FlightOptionSeedService - 항공권 batch 저장 완료 : 1018건 
2026-06-18 10:32:53.983 [http-nio-8080-exec-9] INFO  c.m.f.s.FlightOptionSeedService - 항공권 생성 중 날짜 : 2025-05-02
2026-06-18 10:32:55.858 [http-nio-8080-exec-9] INFO  c.m.f.s.FlightOptionSeedService - 항공권 batch 저장 완료 : 1010건 
2026-06-18 10:32:55.860 [http-nio-8080-exec-9] INFO  c.m.f.s.FlightOptionSeedService - 항공권 생성 중 날짜 : 2025-05-03
2026-06-18 10:32:57.207 [http-nio-8080-exec-9] INFO  c.m.f.s.FlightOptionSeedService - 항공권 batch 저장 완료 : 1009건 
2026-06-18 10:32:57.210 [http-nio-8080-exec-9] INFO  c.m.f.s.FlightOptionSeedService - 항공권 생성 중 날짜 : 2025-05-04
2026-06-18 10:32:58.399 [http-nio-8080-exec-9] INFO  c.m.f.s.FlightOptionSeedService - 항공권 batch 저장 완료 : 1001건 
2026-06-18 10:32:58.402 [http-nio-8080-exec-9] INFO  c.m.f.s.FlightOptionSeedService - 항공권 생성 중 날짜 : 2025-05-05
2026-06-18 10:32:59.725 [http-nio-8080-exec-9] INFO  c.m.f.s.FlightOptionSeedService - 항공권 batch 저장 완료 : 1008건 
2026-06-18 10:32:59.728 [http-nio-8080-exec-9] INFO  c.m.f.s.FlightOptionSeedService - 항공권 생성 중 날짜 : 2025-05-06
2026-06-18 10:33:00.724 [http-nio-8080-exec-9] INFO  c.m.f.s.FlightOptionSeedService - 항공권 batch 저장 완료 : 1024건 
2026-06-18 10:33:00.727 [http-nio-8080-exec-9] INFO  c.m.f.s.FlightOptionSeedService - 항공권 생성 중 날짜 : 2025-05-07
2026-06-18 10:33:01.742 [http-nio-8080-exec-9] INFO  c.m.f.s.FlightOptionSeedService - 항공권 batch 저장 완료 : 1016건 
2026-06-18 10:33:01.744 [http-nio-8080-exec-9] INFO  c.m.f.s.FlightOptionSeedService - 항공권 생성 중 날짜 : 2025-05-08
2026-06-18 10:33:02.697 [http-nio-8080-exec-9] INFO  c.m.f.s.FlightOptionSeedService - 항공권 batch 저장 완료 : 1002건 
2026-06-18 10:33:02.699 [http-nio-8080-exec-9] INFO  c.m.f.s.FlightOptionSeedService - 항공권 생성 중 날짜 : 2025-05-09
2026-06-18 10:33:03.814 [http-nio-8080-exec-9] INFO  c.m.f.s.FlightOptionSeedService - 항공권 batch 저장 완료 : 1003건 
2026-06-18 10:33:04.800 [http-nio-8080-exec-9] INFO  c.m.f.s.FlightOptionSeedService - 항공권 batch 저장 완료 : 1018건 
2026-06-18 10:33:04.800 [http-nio-8080-exec-9] INFO  c.m.f.s.FlightOptionSeedService - 항공권 생성 중 날짜 : 2025-05-10
2026-06-18 10:33:05.859 [http-nio-8080-exec-9] INFO  c.m.f.s.FlightOptionSeedService - 항공권 batch 저장 완료 : 1025건 
2026-06-18 10:33:05.859 [http-nio-8080-exec-9] INFO  c.m.f.s.FlightOptionSeedService - 항공권 생성 중 날짜 : 2025-05-11
2026-06-18 10:33:06.843 [http-nio-8080-exec-9] INFO  c.m.f.s.FlightOptionSeedService - 항공권 batch 저장 완료 : 1009건 
2026-06-18 10:33:06.843 [http-nio-8080-exec-9] INFO  c.m.f.s.FlightOptionSeedService - 항공권 생성 중 날짜 : 2025-05-12
2026-06-18 10:33:07.828 [http-nio-8080-exec-9] INFO  c.m.f.s.FlightOptionSeedService - 항공권 batch 저장 완료 : 1012건 
2026-06-18 10:33:07.829 [http-nio-8080-exec-9] INFO  c.m.f.s.FlightOptionSeedService - 항공권 생성 중 날짜 : 2025-05-13
2026-06-18 10:33:08.761 [http-nio-8080-exec-9] INFO  c.m.f.s.FlightOptionSeedService - 항공권 batch 저장 완료 : 1011건 
2026-06-18 10:33:08.762 [http-nio-8080-exec-9] INFO  c.m.f.s.FlightOptionSeedService - 항공권 생성 중 날짜 : 2025-05-14
2026-06-18 10:33:10.202 [http-nio-8080-exec-9] INFO  c.m.f.s.FlightOptionSeedService - 항공권 batch 저장 완료 : 1009건 
2026-06-18 10:33:10.204 [http-nio-8080-exec-9] INFO  c.m.f.s.FlightOptionSeedService - 항공권 생성 중 날짜 : 2025-05-15
2026-06-18 10:33:11.869 [http-nio-8080-exec-9] INFO  c.m.f.s.FlightOptionSeedService - 항공권 batch 저장 완료 : 1000건 
2026-06-18 10:33:11.871 [http-nio-8080-exec-9] INFO  c.m.f.s.FlightOptionSeedService - 항공권 생성 중 날짜 : 2025-05-16
2026-06-18 10:33:13.170 [http-nio-8080-exec-9] INFO  c.m.f.s.FlightOptionSeedService - 항공권 batch 저장 완료 : 1013건 
2026-06-18 10:33:13.171 [http-nio-8080-exec-9] INFO  c.m.f.s.FlightOptionSeedService - 항공권 생성 중 날짜 : 2025-05-17
2026-06-18 10:33:14.348 [http-nio-8080-exec-9] INFO  c.m.f.s.FlightOptionSeedService - 항공권 batch 저장 완료 : 1018건 
2026-06-18 10:33:14.350 [http-nio-8080-exec-9] INFO  c.m.f.s.FlightOptionSeedService - 항공권 생성 중 날짜 : 2025-05-18
2026-06-18 10:33:16.201 [http-nio-8080-exec-9] INFO  c.m.f.s.FlightOptionSeedService - 항공권 batch 저장 완료 : 1001건 
2026-06-18 10:33:16.203 [http-nio-8080-exec-9] INFO  c.m.f.s.FlightOptionSeedService - 항공권 생성 중 날짜 : 2025-05-19
2026-06-18 10:33:17.665 [http-nio-8080-exec-9] INFO  c.m.f.s.FlightOptionSeedService - 항공권 batch 저장 완료 : 1010건 
2026-06-18 10:33:19.046 [http-nio-8080-exec-9] INFO  c.m.f.s.FlightOptionSeedService - 항공권 batch 저장 완료 : 1023건 
2026-06-18 10:33:19.047 [http-nio-8080-exec-9] INFO  c.m.f.s.FlightOptionSeedService - 항공권 생성 중 날짜 : 2025-05-20
2026-06-18 10:33:20.423 [http-nio-8080-exec-9] INFO  c.m.f.s.FlightOptionSeedService - 항공권 batch 저장 완료 : 1007건 
2026-06-18 10:33:20.424 [http-nio-8080-exec-9] INFO  c.m.f.s.FlightOptionSeedService - 항공권 생성 중 날짜 : 2025-05-21
2026-06-18 10:33:21.666 [http-nio-8080-exec-9] INFO  c.m.f.s.FlightOptionSeedService - 항공권 batch 저장 완료 : 1004건 
2026-06-18 10:33:21.667 [http-nio-8080-exec-9] INFO  c.m.f.s.FlightOptionSeedService - 항공권 생성 중 날짜 : 2025-05-22
2026-06-18 10:33:22.778 [http-nio-8080-exec-9] INFO  c.m.f.s.FlightOptionSeedService - 항공권 batch 저장 완료 : 1007건 
2026-06-18 10:33:22.778 [http-nio-8080-exec-9] INFO  c.m.f.s.FlightOptionSeedService - 항공권 생성 중 날짜 : 2025-05-23
2026-06-18 10:33:24.012 [http-nio-8080-exec-9] INFO  c.m.f.s.FlightOptionSeedService - 항공권 batch 저장 완료 : 1011건 
2026-06-18 10:33:24.013 [http-nio-8080-exec-9] INFO  c.m.f.s.FlightOptionSeedService - 항공권 생성 중 날짜 : 2025-05-24
2026-06-18 10:33:25.263 [http-nio-8080-exec-9] INFO  c.m.f.s.FlightOptionSeedService - 항공권 batch 저장 완료 : 1005건 
2026-06-18 10:33:25.264 [http-nio-8080-exec-9] INFO  c.m.f.s.FlightOptionSeedService - 항공권 생성 중 날짜 : 2025-05-25
2026-06-18 10:33:26.449 [http-nio-8080-exec-9] INFO  c.m.f.s.FlightOptionSeedService - 항공권 batch 저장 완료 : 1039건 
2026-06-18 10:33:26.450 [http-nio-8080-exec-9] INFO  c.m.f.s.FlightOptionSeedService - 항공권 생성 중 날짜 : 2025-05-26
2026-06-18 10:33:27.379 [http-nio-8080-exec-9] INFO  c.m.f.s.FlightOptionSeedService - 항공권 batch 저장 완료 : 1009건 
2026-06-18 10:33:27.380 [http-nio-8080-exec-9] INFO  c.m.f.s.FlightOptionSeedService - 항공권 생성 중 날짜 : 2025-05-27
2026-06-18 10:33:28.341 [http-nio-8080-exec-9] INFO  c.m.f.s.FlightOptionSeedService - 항공권 batch 저장 완료 : 1015건 
2026-06-18 10:33:28.343 [http-nio-8080-exec-9] INFO  c.m.f.s.FlightOptionSeedService - 항공권 생성 중 날짜 : 2025-05-28
2026-06-18 10:33:29.548 [http-nio-8080-exec-9] INFO  c.m.f.s.FlightOptionSeedService - 항공권 batch 저장 완료 : 1014건 
2026-06-18 10:33:29.549 [http-nio-8080-exec-9] INFO  c.m.f.s.FlightOptionSeedService - 항공권 생성 중 날짜 : 2025-05-29
2026-06-18 10:33:30.531 [http-nio-8080-exec-9] INFO  c.m.f.s.FlightOptionSeedService - 항공권 batch 저장 완료 : 1006건 
2026-06-18 10:33:31.570 [http-nio-8080-exec-9] INFO  c.m.f.s.FlightOptionSeedService - 항공권 batch 저장 완료 : 1037건 
2026-06-18 10:33:31.570 [http-nio-8080-exec-9] INFO  c.m.f.s.FlightOptionSeedService - 항공권 생성 중 날짜 : 2025-05-30
2026-06-18 10:33:32.506 [http-nio-8080-exec-9] INFO  c.m.f.s.FlightOptionSeedService - 항공권 batch 저장 완료 : 1007건 
2026-06-18 10:33:32.506 [http-nio-8080-exec-9] INFO  c.m.f.s.FlightOptionSeedService - 항공권 생성 중 날짜 : 2025-05-31
2026-06-18 10:33:33.611 [http-nio-8080-exec-9] INFO  c.m.f.s.FlightOptionSeedService - 항공권 batch 저장 완료 : 1004건 
2026-06-18 10:33:33.612 [http-nio-8080-exec-9] INFO  c.m.f.s.FlightOptionSeedService - 항공권 생성 중 날짜 : 2025-06-01
2026-06-18 10:33:34.590 [http-nio-8080-exec-9] INFO  c.m.f.s.FlightOptionSeedService - 항공권 batch 저장 완료 : 1010건 
2026-06-18 10:33:34.969 [http-nio-8080-exec-9] INFO  c.m.f.s.FlightOptionSeedService - 항공권 batch 저장 완료 : 392건 
2026-06-18 10:33:34.969 [http-nio-8080-exec-9] INFO  c.m.f.s.FlightOptionSeedService - 항공권 범위 생성 완료 : 2025-05-01 ~ 2025-06-01, 생성 건수: 35807
2026-06-18 10:33:54.303 [http-nio-8080-exec-2] INFO  c.m.f.s.FlightOptionSeedService - 항공권 범위 생성 시작 : 2025-06-01 ~ 2025-08-01
2026-06-18 10:33:54.830 [http-nio-8080-exec-2] INFO  c.m.f.s.FlightOptionSeedService - 항공권 생성 중 날짜 : 2025-06-01
2026-06-18 10:33:54.830 [http-nio-8080-exec-2] INFO  c.m.f.s.FlightOptionSeedService - 항공권 생성 중 날짜 : 2025-06-02
2026-06-18 10:33:56.326 [http-nio-8080-exec-2] INFO  c.m.f.s.FlightOptionSeedService - 항공권 batch 저장 완료 : 1028건 
2026-06-18 10:33:56.327 [http-nio-8080-exec-2] INFO  c.m.f.s.FlightOptionSeedService - 항공권 생성 중 날짜 : 2025-06-03
2026-06-18 10:33:57.433 [http-nio-8080-exec-2] INFO  c.m.f.s.FlightOptionSeedService - 항공권 batch 저장 완료 : 1010건 
2026-06-18 10:33:57.434 [http-nio-8080-exec-2] INFO  c.m.f.s.FlightOptionSeedService - 항공권 생성 중 날짜 : 2025-06-04
2026-06-18 10:33:58.536 [http-nio-8080-exec-2] INFO  c.m.f.s.FlightOptionSeedService - 항공권 batch 저장 완료 : 1016건 
2026-06-18 10:33:58.537 [http-nio-8080-exec-2] INFO  c.m.f.s.FlightOptionSeedService - 항공권 생성 중 날짜 : 2025-06-05
2026-06-18 10:33:59.841 [http-nio-8080-exec-2] INFO  c.m.f.s.FlightOptionSeedService - 항공권 batch 저장 완료 : 1005건 
2026-06-18 10:33:59.843 [http-nio-8080-exec-2] INFO  c.m.f.s.FlightOptionSeedService - 항공권 생성 중 날짜 : 2025-06-06
2026-06-18 10:34:00.989 [http-nio-8080-exec-2] INFO  c.m.f.s.FlightOptionSeedService - 항공권 batch 저장 완료 : 1028건 
2026-06-18 10:34:00.990 [http-nio-8080-exec-2] INFO  c.m.f.s.FlightOptionSeedService - 항공권 생성 중 날짜 : 2025-06-07
2026-06-18 10:34:02.156 [http-nio-8080-exec-2] INFO  c.m.f.s.FlightOptionSeedService - 항공권 batch 저장 완료 : 1000건 
2026-06-18 10:34:02.157 [http-nio-8080-exec-2] INFO  c.m.f.s.FlightOptionSeedService - 항공권 생성 중 날짜 : 2025-06-08
2026-06-18 10:34:03.543 [http-nio-8080-exec-2] INFO  c.m.f.s.FlightOptionSeedService - 항공권 batch 저장 완료 : 1008건 
2026-06-18 10:34:03.545 [http-nio-8080-exec-2] INFO  c.m.f.s.FlightOptionSeedService - 항공권 생성 중 날짜 : 2025-06-09
2026-06-18 10:34:04.688 [http-nio-8080-exec-2] INFO  c.m.f.s.FlightOptionSeedService - 항공권 batch 저장 완료 : 1016건 
2026-06-18 10:34:04.690 [http-nio-8080-exec-2] INFO  c.m.f.s.FlightOptionSeedService - 항공권 생성 중 날짜 : 2025-06-10
2026-06-18 10:34:05.696 [http-nio-8080-exec-2] INFO  c.m.f.s.FlightOptionSeedService - 항공권 batch 저장 완료 : 1002건 
2026-06-18 10:34:05.698 [http-nio-8080-exec-2] INFO  c.m.f.s.FlightOptionSeedService - 항공권 생성 중 날짜 : 2025-06-11
2026-06-18 10:34:06.751 [http-nio-8080-exec-2] INFO  c.m.f.s.FlightOptionSeedService - 항공권 batch 저장 완료 : 1012건 
2026-06-18 10:34:07.697 [http-nio-8080-exec-2] INFO  c.m.f.s.FlightOptionSeedService - 항공권 batch 저장 완료 : 1001건 
2026-06-18 10:34:07.698 [http-nio-8080-exec-2] INFO  c.m.f.s.FlightOptionSeedService - 항공권 생성 중 날짜 : 2025-06-12
2026-06-18 10:34:08.710 [http-nio-8080-exec-2] INFO  c.m.f.s.FlightOptionSeedService - 항공권 batch 저장 완료 : 1002건 
2026-06-18 10:34:08.711 [http-nio-8080-exec-2] INFO  c.m.f.s.FlightOptionSeedService - 항공권 생성 중 날짜 : 2025-06-13
2026-06-18 10:34:10.256 [http-nio-8080-exec-2] INFO  c.m.f.s.FlightOptionSeedService - 항공권 batch 저장 완료 : 1016건 
2026-06-18 10:34:10.256 [http-nio-8080-exec-2] INFO  c.m.f.s.FlightOptionSeedService - 항공권 생성 중 날짜 : 2025-06-14
2026-06-18 10:34:11.701 [http-nio-8080-exec-2] INFO  c.m.f.s.FlightOptionSeedService - 항공권 batch 저장 완료 : 1005건 
2026-06-18 10:34:11.702 [http-nio-8080-exec-2] INFO  c.m.f.s.FlightOptionSeedService - 항공권 생성 중 날짜 : 2025-06-15
2026-06-18 10:34:13.017 [http-nio-8080-exec-2] INFO  c.m.f.s.FlightOptionSeedService - 항공권 batch 저장 완료 : 1000건 
2026-06-18 10:34:13.018 [http-nio-8080-exec-2] INFO  c.m.f.s.FlightOptionSeedService - 항공권 생성 중 날짜 : 2025-06-16
2026-06-18 10:34:14.263 [http-nio-8080-exec-2] INFO  c.m.f.s.FlightOptionSeedService - 항공권 batch 저장 완료 : 1035건 
2026-06-18 10:34:14.264 [http-nio-8080-exec-2] INFO  c.m.f.s.FlightOptionSeedService - 항공권 생성 중 날짜 : 2025-06-17
2026-06-18 10:34:15.350 [http-nio-8080-exec-2] INFO  c.m.f.s.FlightOptionSeedService - 항공권 batch 저장 완료 : 1002건 
2026-06-18 10:34:15.351 [http-nio-8080-exec-2] INFO  c.m.f.s.FlightOptionSeedService - 항공권 생성 중 날짜 : 2025-06-18
2026-06-18 10:34:16.672 [http-nio-8080-exec-2] INFO  c.m.f.s.FlightOptionSeedService - 항공권 batch 저장 완료 : 1013건 
2026-06-18 10:34:16.674 [http-nio-8080-exec-2] INFO  c.m.f.s.FlightOptionSeedService - 항공권 생성 중 날짜 : 2025-06-19
2026-06-18 10:34:18.058 [http-nio-8080-exec-2] INFO  c.m.f.s.FlightOptionSeedService - 항공권 batch 저장 완료 : 1016건 
2026-06-18 10:34:18.060 [http-nio-8080-exec-2] INFO  c.m.f.s.FlightOptionSeedService - 항공권 생성 중 날짜 : 2025-06-20
2026-06-18 10:34:19.050 [http-nio-8080-exec-2] INFO  c.m.f.s.FlightOptionSeedService - 항공권 batch 저장 완료 : 1002건 
2026-06-18 10:34:20.183 [http-nio-8080-exec-2] INFO  c.m.f.s.FlightOptionSeedService - 항공권 batch 저장 완료 : 1013건 
2026-06-18 10:34:20.183 [http-nio-8080-exec-2] INFO  c.m.f.s.FlightOptionSeedService - 항공권 생성 중 날짜 : 2025-06-21
2026-06-18 10:34:21.389 [http-nio-8080-exec-2] INFO  c.m.f.s.FlightOptionSeedService - 항공권 batch 저장 완료 : 1012건 
2026-06-18 10:34:21.390 [http-nio-8080-exec-2] INFO  c.m.f.s.FlightOptionSeedService - 항공권 생성 중 날짜 : 2025-06-22
2026-06-18 10:34:22.427 [http-nio-8080-exec-2] INFO  c.m.f.s.FlightOptionSeedService - 항공권 batch 저장 완료 : 1013건 
2026-06-18 10:34:22.429 [http-nio-8080-exec-2] INFO  c.m.f.s.FlightOptionSeedService - 항공권 생성 중 날짜 : 2025-06-23
2026-06-18 10:34:24.150 [http-nio-8080-exec-2] INFO  c.m.f.s.FlightOptionSeedService - 항공권 batch 저장 완료 : 1016건 
2026-06-18 10:34:24.151 [http-nio-8080-exec-2] INFO  c.m.f.s.FlightOptionSeedService - 항공권 생성 중 날짜 : 2025-06-24
2026-06-18 10:34:25.362 [http-nio-8080-exec-2] INFO  c.m.f.s.FlightOptionSeedService - 항공권 batch 저장 완료 : 1002건 
2026-06-18 10:34:25.363 [http-nio-8080-exec-2] INFO  c.m.f.s.FlightOptionSeedService - 항공권 생성 중 날짜 : 2025-06-25
2026-06-18 10:34:26.597 [http-nio-8080-exec-2] INFO  c.m.f.s.FlightOptionSeedService - 항공권 batch 저장 완료 : 1012건 
2026-06-18 10:34:26.598 [http-nio-8080-exec-2] INFO  c.m.f.s.FlightOptionSeedService - 항공권 생성 중 날짜 : 2025-06-26
2026-06-18 10:34:27.889 [http-nio-8080-exec-2] INFO  c.m.f.s.FlightOptionSeedService - 항공권 batch 저장 완료 : 1008건 
2026-06-18 10:34:27.891 [http-nio-8080-exec-2] INFO  c.m.f.s.FlightOptionSeedService - 항공권 생성 중 날짜 : 2025-06-27
2026-06-18 10:34:29.456 [http-nio-8080-exec-2] INFO  c.m.f.s.FlightOptionSeedService - 항공권 batch 저장 완료 : 1016건 
2026-06-18 10:34:29.458 [http-nio-8080-exec-2] INFO  c.m.f.s.FlightOptionSeedService - 항공권 생성 중 날짜 : 2025-06-28
2026-06-18 10:34:31.755 [http-nio-8080-exec-2] INFO  c.m.f.s.FlightOptionSeedService - 항공권 batch 저장 완료 : 1016건 
2026-06-18 10:34:31.758 [http-nio-8080-exec-2] INFO  c.m.f.s.FlightOptionSeedService - 항공권 생성 중 날짜 : 2025-06-29
2026-06-18 10:34:33.153 [http-nio-8080-exec-2] INFO  c.m.f.s.FlightOptionSeedService - 항공권 batch 저장 완료 : 1003건 
2026-06-18 10:34:34.580 [http-nio-8080-exec-2] INFO  c.m.f.s.FlightOptionSeedService - 항공권 batch 저장 완료 : 1011건 
2026-06-18 10:34:34.580 [http-nio-8080-exec-2] INFO  c.m.f.s.FlightOptionSeedService - 항공권 생성 중 날짜 : 2025-06-30
2026-06-18 10:34:35.853 [http-nio-8080-exec-2] INFO  c.m.f.s.FlightOptionSeedService - 항공권 batch 저장 완료 : 1006건 
2026-06-18 10:34:35.854 [http-nio-8080-exec-2] INFO  c.m.f.s.FlightOptionSeedService - 항공권 생성 중 날짜 : 2025-07-01
2026-06-18 10:34:37.784 [http-nio-8080-exec-2] INFO  c.m.f.s.FlightOptionSeedService - 항공권 batch 저장 완료 : 1011건 
2026-06-18 10:34:37.785 [http-nio-8080-exec-2] INFO  c.m.f.s.FlightOptionSeedService - 항공권 생성 중 날짜 : 2025-07-02
2026-06-18 10:34:39.182 [http-nio-8080-exec-2] INFO  c.m.f.s.FlightOptionSeedService - 항공권 batch 저장 완료 : 1005건 
2026-06-18 10:34:39.187 [http-nio-8080-exec-2] INFO  c.m.f.s.FlightOptionSeedService - 항공권 생성 중 날짜 : 2025-07-03
2026-06-18 10:34:40.565 [http-nio-8080-exec-2] INFO  c.m.f.s.FlightOptionSeedService - 항공권 batch 저장 완료 : 1004건 
2026-06-18 10:34:40.566 [http-nio-8080-exec-2] INFO  c.m.f.s.FlightOptionSeedService - 항공권 생성 중 날짜 : 2025-07-04
2026-06-18 10:34:41.877 [http-nio-8080-exec-2] INFO  c.m.f.s.FlightOptionSeedService - 항공권 batch 저장 완료 : 1020건 
2026-06-18 10:34:41.881 [http-nio-8080-exec-2] INFO  c.m.f.s.FlightOptionSeedService - 항공권 생성 중 날짜 : 2025-07-05
2026-06-18 10:34:43.042 [http-nio-8080-exec-2] INFO  c.m.f.s.FlightOptionSeedService - 항공권 batch 저장 완료 : 1004건 
2026-06-18 10:34:43.043 [http-nio-8080-exec-2] INFO  c.m.f.s.FlightOptionSeedService - 항공권 생성 중 날짜 : 2025-07-06
2026-06-18 10:34:44.156 [http-nio-8080-exec-2] INFO  c.m.f.s.FlightOptionSeedService - 항공권 batch 저장 완료 : 1014건 
2026-06-18 10:34:44.158 [http-nio-8080-exec-2] INFO  c.m.f.s.FlightOptionSeedService - 항공권 생성 중 날짜 : 2025-07-07
2026-06-18 10:34:45.529 [http-nio-8080-exec-2] INFO  c.m.f.s.FlightOptionSeedService - 항공권 batch 저장 완료 : 1010건 
2026-06-18 10:34:45.531 [http-nio-8080-exec-2] INFO  c.m.f.s.FlightOptionSeedService - 항공권 생성 중 날짜 : 2025-07-08
2026-06-18 10:34:46.690 [http-nio-8080-exec-2] INFO  c.m.f.s.FlightOptionSeedService - 항공권 batch 저장 완료 : 1006건 
2026-06-18 10:34:46.691 [http-nio-8080-exec-2] INFO  c.m.f.s.FlightOptionSeedService - 항공권 생성 중 날짜 : 2025-07-09
2026-06-18 10:34:47.878 [http-nio-8080-exec-2] INFO  c.m.f.s.FlightOptionSeedService - 항공권 batch 저장 완료 : 1015건 
2026-06-18 10:34:49.377 [http-nio-8080-exec-2] INFO  c.m.f.s.FlightOptionSeedService - 항공권 batch 저장 완료 : 1008건 
2026-06-18 10:34:49.378 [http-nio-8080-exec-2] INFO  c.m.f.s.FlightOptionSeedService - 항공권 생성 중 날짜 : 2025-07-10
2026-06-18 10:34:50.858 [http-nio-8080-exec-2] INFO  c.m.f.s.FlightOptionSeedService - 항공권 batch 저장 완료 : 1004건 
2026-06-18 10:34:50.858 [http-nio-8080-exec-2] INFO  c.m.f.s.FlightOptionSeedService - 항공권 생성 중 날짜 : 2025-07-11
2026-06-18 10:34:51.985 [http-nio-8080-exec-2] INFO  c.m.f.s.FlightOptionSeedService - 항공권 batch 저장 완료 : 1013건 
2026-06-18 10:34:51.986 [http-nio-8080-exec-2] INFO  c.m.f.s.FlightOptionSeedService - 항공권 생성 중 날짜 : 2025-07-12
2026-06-18 10:34:53.146 [http-nio-8080-exec-2] INFO  c.m.f.s.FlightOptionSeedService - 항공권 batch 저장 완료 : 1005건 
2026-06-18 10:34:53.147 [http-nio-8080-exec-2] INFO  c.m.f.s.FlightOptionSeedService - 항공권 생성 중 날짜 : 2025-07-13
2026-06-18 10:34:54.215 [http-nio-8080-exec-2] INFO  c.m.f.s.FlightOptionSeedService - 항공권 batch 저장 완료 : 1000건 
2026-06-18 10:34:54.216 [http-nio-8080-exec-2] INFO  c.m.f.s.FlightOptionSeedService - 항공권 생성 중 날짜 : 2025-07-14
2026-06-18 10:34:55.439 [http-nio-8080-exec-2] INFO  c.m.f.s.FlightOptionSeedService - 항공권 batch 저장 완료 : 1007건 
2026-06-18 10:34:55.440 [http-nio-8080-exec-2] INFO  c.m.f.s.FlightOptionSeedService - 항공권 생성 중 날짜 : 2025-07-15
2026-06-18 10:34:56.560 [http-nio-8080-exec-2] INFO  c.m.f.s.FlightOptionSeedService - 항공권 batch 저장 완료 : 1010건 
2026-06-18 10:34:56.563 [http-nio-8080-exec-2] INFO  c.m.f.s.FlightOptionSeedService - 항공권 생성 중 날짜 : 2025-07-16
2026-06-18 10:34:57.709 [http-nio-8080-exec-2] INFO  c.m.f.s.FlightOptionSeedService - 항공권 batch 저장 완료 : 1016건 
2026-06-18 10:34:57.710 [http-nio-8080-exec-2] INFO  c.m.f.s.FlightOptionSeedService - 항공권 생성 중 날짜 : 2025-07-17
2026-06-18 10:34:58.957 [http-nio-8080-exec-2] INFO  c.m.f.s.FlightOptionSeedService - 항공권 batch 저장 완료 : 1009건 
2026-06-18 10:34:58.959 [http-nio-8080-exec-2] INFO  c.m.f.s.FlightOptionSeedService - 항공권 생성 중 날짜 : 2025-07-18
2026-06-18 10:35:00.019 [http-nio-8080-exec-2] INFO  c.m.f.s.FlightOptionSeedService - 항공권 batch 저장 완료 : 1009건 
2026-06-18 10:35:01.121 [http-nio-8080-exec-2] INFO  c.m.f.s.FlightOptionSeedService - 항공권 batch 저장 완료 : 1015건 
2026-06-18 10:35:01.122 [http-nio-8080-exec-2] INFO  c.m.f.s.FlightOptionSeedService - 항공권 생성 중 날짜 : 2025-07-19
2026-06-18 10:35:02.166 [http-nio-8080-exec-2] INFO  c.m.f.s.FlightOptionSeedService - 항공권 batch 저장 완료 : 1003건 
2026-06-18 10:35:02.167 [http-nio-8080-exec-2] INFO  c.m.f.s.FlightOptionSeedService - 항공권 생성 중 날짜 : 2025-07-20
2026-06-18 10:35:03.211 [http-nio-8080-exec-2] INFO  c.m.f.s.FlightOptionSeedService - 항공권 batch 저장 완료 : 1009건 
2026-06-18 10:35:03.212 [http-nio-8080-exec-2] INFO  c.m.f.s.FlightOptionSeedService - 항공권 생성 중 날짜 : 2025-07-21
2026-06-18 10:35:04.341 [http-nio-8080-exec-2] INFO  c.m.f.s.FlightOptionSeedService - 항공권 batch 저장 완료 : 1001건 
2026-06-18 10:35:04.343 [http-nio-8080-exec-2] INFO  c.m.f.s.FlightOptionSeedService - 항공권 생성 중 날짜 : 2025-07-22
2026-06-18 10:35:05.435 [http-nio-8080-exec-2] INFO  c.m.f.s.FlightOptionSeedService - 항공권 batch 저장 완료 : 1004건 
2026-06-18 10:35:05.437 [http-nio-8080-exec-2] INFO  c.m.f.s.FlightOptionSeedService - 항공권 생성 중 날짜 : 2025-07-23
2026-06-18 10:35:06.456 [http-nio-8080-exec-2] INFO  c.m.f.s.FlightOptionSeedService - 항공권 batch 저장 완료 : 1022건 
2026-06-18 10:35:06.457 [http-nio-8080-exec-2] INFO  c.m.f.s.FlightOptionSeedService - 항공권 생성 중 날짜 : 2025-07-24
2026-06-18 10:35:07.469 [http-nio-8080-exec-2] INFO  c.m.f.s.FlightOptionSeedService - 항공권 batch 저장 완료 : 1003건 
2026-06-18 10:35:07.470 [http-nio-8080-exec-2] INFO  c.m.f.s.FlightOptionSeedService - 항공권 생성 중 날짜 : 2025-07-25
2026-06-18 10:35:08.646 [http-nio-8080-exec-2] INFO  c.m.f.s.FlightOptionSeedService - 항공권 batch 저장 완료 : 1002건 
2026-06-18 10:35:08.648 [http-nio-8080-exec-2] INFO  c.m.f.s.FlightOptionSeedService - 항공권 생성 중 날짜 : 2025-07-26
2026-06-18 10:35:09.757 [http-nio-8080-exec-2] INFO  c.m.f.s.FlightOptionSeedService - 항공권 batch 저장 완료 : 1016건 
2026-06-18 10:35:09.758 [http-nio-8080-exec-2] INFO  c.m.f.s.FlightOptionSeedService - 항공권 생성 중 날짜 : 2025-07-27
2026-06-18 10:35:10.804 [http-nio-8080-exec-2] INFO  c.m.f.s.FlightOptionSeedService - 항공권 batch 저장 완료 : 1010건 
2026-06-18 10:35:11.893 [http-nio-8080-exec-2] INFO  c.m.f.s.FlightOptionSeedService - 항공권 batch 저장 완료 : 1030건 
2026-06-18 10:35:11.893 [http-nio-8080-exec-2] INFO  c.m.f.s.FlightOptionSeedService - 항공권 생성 중 날짜 : 2025-07-28
2026-06-18 10:35:12.938 [http-nio-8080-exec-2] INFO  c.m.f.s.FlightOptionSeedService - 항공권 batch 저장 완료 : 1009건 
2026-06-18 10:35:12.939 [http-nio-8080-exec-2] INFO  c.m.f.s.FlightOptionSeedService - 항공권 생성 중 날짜 : 2025-07-29
2026-06-18 10:35:13.977 [http-nio-8080-exec-2] INFO  c.m.f.s.FlightOptionSeedService - 항공권 batch 저장 완료 : 1007건 
2026-06-18 10:35:13.979 [http-nio-8080-exec-2] INFO  c.m.f.s.FlightOptionSeedService - 항공권 생성 중 날짜 : 2025-07-30
2026-06-18 10:35:15.045 [http-nio-8080-exec-2] INFO  c.m.f.s.FlightOptionSeedService - 항공권 batch 저장 완료 : 1007건 
2026-06-18 10:35:15.046 [http-nio-8080-exec-2] INFO  c.m.f.s.FlightOptionSeedService - 항공권 생성 중 날짜 : 2025-07-31
2026-06-18 10:35:16.131 [http-nio-8080-exec-2] INFO  c.m.f.s.FlightOptionSeedService - 항공권 batch 저장 완료 : 1017건 
2026-06-18 10:35:16.132 [http-nio-8080-exec-2] INFO  c.m.f.s.FlightOptionSeedService - 항공권 생성 중 날짜 : 2025-08-01
2026-06-18 10:35:17.149 [http-nio-8080-exec-2] INFO  c.m.f.s.FlightOptionSeedService - 항공권 batch 저장 완료 : 1002건 
2026-06-18 10:35:17.738 [http-nio-8080-exec-2] INFO  c.m.f.s.FlightOptionSeedService - 항공권 batch 저장 완료 : 569건 
2026-06-18 10:35:17.738 [http-nio-8080-exec-2] INFO  c.m.f.s.FlightOptionSeedService - 항공권 범위 생성 완료 : 2025-06-01 ~ 2025-08-01, 생성 건수: 68241
2026-06-18 10:35:54.849 [http-nio-8080-exec-3] INFO  c.m.f.s.FlightOptionSeedService - 항공권 범위 생성 시작 : 2025-05-01 ~ 2025-06-01
2026-06-18 10:35:55.316 [http-nio-8080-exec-3] INFO  c.m.f.s.FlightOptionSeedService - 항공권 생성 중 날짜 : 2025-05-01
2026-06-18 10:35:55.317 [http-nio-8080-exec-3] INFO  c.m.f.s.FlightOptionSeedService - 항공권 생성 중 날짜 : 2025-05-02
2026-06-18 10:35:55.317 [http-nio-8080-exec-3] INFO  c.m.f.s.FlightOptionSeedService - 항공권 생성 중 날짜 : 2025-05-03
2026-06-18 10:35:55.317 [http-nio-8080-exec-3] INFO  c.m.f.s.FlightOptionSeedService - 항공권 생성 중 날짜 : 2025-05-04
2026-06-18 10:35:55.317 [http-nio-8080-exec-3] INFO  c.m.f.s.FlightOptionSeedService - 항공권 생성 중 날짜 : 2025-05-05
2026-06-18 10:35:55.317 [http-nio-8080-exec-3] INFO  c.m.f.s.FlightOptionSeedService - 항공권 생성 중 날짜 : 2025-05-06
2026-06-18 10:35:55.317 [http-nio-8080-exec-3] INFO  c.m.f.s.FlightOptionSeedService - 항공권 생성 중 날짜 : 2025-05-07
2026-06-18 10:35:55.317 [http-nio-8080-exec-3] INFO  c.m.f.s.FlightOptionSeedService - 항공권 생성 중 날짜 : 2025-05-08
2026-06-18 10:35:55.317 [http-nio-8080-exec-3] INFO  c.m.f.s.FlightOptionSeedService - 항공권 생성 중 날짜 : 2025-05-09
2026-06-18 10:35:55.317 [http-nio-8080-exec-3] INFO  c.m.f.s.FlightOptionSeedService - 항공권 생성 중 날짜 : 2025-05-10
2026-06-18 10:35:55.317 [http-nio-8080-exec-3] INFO  c.m.f.s.FlightOptionSeedService - 항공권 생성 중 날짜 : 2025-05-11
2026-06-18 10:35:55.317 [http-nio-8080-exec-3] INFO  c.m.f.s.FlightOptionSeedService - 항공권 생성 중 날짜 : 2025-05-12
2026-06-18 10:35:55.317 [http-nio-8080-exec-3] INFO  c.m.f.s.FlightOptionSeedService - 항공권 생성 중 날짜 : 2025-05-13
2026-06-18 10:35:55.317 [http-nio-8080-exec-3] INFO  c.m.f.s.FlightOptionSeedService - 항공권 생성 중 날짜 : 2025-05-14
2026-06-18 10:35:55.317 [http-nio-8080-exec-3] INFO  c.m.f.s.FlightOptionSeedService - 항공권 생성 중 날짜 : 2025-05-15
2026-06-18 10:35:55.318 [http-nio-8080-exec-3] INFO  c.m.f.s.FlightOptionSeedService - 항공권 생성 중 날짜 : 2025-05-16
2026-06-18 10:35:55.318 [http-nio-8080-exec-3] INFO  c.m.f.s.FlightOptionSeedService - 항공권 생성 중 날짜 : 2025-05-17
2026-06-18 10:35:55.318 [http-nio-8080-exec-3] INFO  c.m.f.s.FlightOptionSeedService - 항공권 생성 중 날짜 : 2025-05-18
2026-06-18 10:35:55.318 [http-nio-8080-exec-3] INFO  c.m.f.s.FlightOptionSeedService - 항공권 생성 중 날짜 : 2025-05-19
2026-06-18 10:35:55.318 [http-nio-8080-exec-3] INFO  c.m.f.s.FlightOptionSeedService - 항공권 생성 중 날짜 : 2025-05-20
2026-06-18 10:35:55.318 [http-nio-8080-exec-3] INFO  c.m.f.s.FlightOptionSeedService - 항공권 생성 중 날짜 : 2025-05-21
2026-06-18 10:35:55.318 [http-nio-8080-exec-3] INFO  c.m.f.s.FlightOptionSeedService - 항공권 생성 중 날짜 : 2025-05-22
2026-06-18 10:35:55.321 [http-nio-8080-exec-3] INFO  c.m.f.s.FlightOptionSeedService - 항공권 생성 중 날짜 : 2025-05-23
2026-06-18 10:35:55.321 [http-nio-8080-exec-3] INFO  c.m.f.s.FlightOptionSeedService - 항공권 생성 중 날짜 : 2025-05-24
2026-06-18 10:35:55.321 [http-nio-8080-exec-3] INFO  c.m.f.s.FlightOptionSeedService - 항공권 생성 중 날짜 : 2025-05-25
2026-06-18 10:35:55.322 [http-nio-8080-exec-3] INFO  c.m.f.s.FlightOptionSeedService - 항공권 생성 중 날짜 : 2025-05-26
2026-06-18 10:35:55.322 [http-nio-8080-exec-3] INFO  c.m.f.s.FlightOptionSeedService - 항공권 생성 중 날짜 : 2025-05-27
2026-06-18 10:35:55.322 [http-nio-8080-exec-3] INFO  c.m.f.s.FlightOptionSeedService - 항공권 생성 중 날짜 : 2025-05-28
2026-06-18 10:35:55.322 [http-nio-8080-exec-3] INFO  c.m.f.s.FlightOptionSeedService - 항공권 생성 중 날짜 : 2025-05-29
2026-06-18 10:35:55.322 [http-nio-8080-exec-3] INFO  c.m.f.s.FlightOptionSeedService - 항공권 생성 중 날짜 : 2025-05-30
2026-06-18 10:35:55.323 [http-nio-8080-exec-3] INFO  c.m.f.s.FlightOptionSeedService - 항공권 생성 중 날짜 : 2025-05-31
2026-06-18 10:35:55.323 [http-nio-8080-exec-3] INFO  c.m.f.s.FlightOptionSeedService - 항공권 생성 중 날짜 : 2025-06-01
2026-06-18 10:35:55.323 [http-nio-8080-exec-3] INFO  c.m.f.s.FlightOptionSeedService - 항공권 범위 생성 완료 : 2025-05-01 ~ 2025-06-01, 생성 건수: 0
2026-06-18 10:36:07.613 [http-nio-8080-exec-6] INFO  c.m.f.s.FlightOptionSeedService - 항공권 범위 생성 시작 : 2025-08-01 ~ 2025-10-01
2026-06-18 10:36:07.993 [http-nio-8080-exec-6] INFO  c.m.f.s.FlightOptionSeedService - 항공권 생성 중 날짜 : 2025-08-01
2026-06-18 10:36:07.994 [http-nio-8080-exec-6] INFO  c.m.f.s.FlightOptionSeedService - 항공권 생성 중 날짜 : 2025-08-02
2026-06-18 10:36:09.800 [http-nio-8080-exec-6] INFO  c.m.f.s.FlightOptionSeedService - 항공권 batch 저장 완료 : 1026건 
2026-06-18 10:36:09.801 [http-nio-8080-exec-6] INFO  c.m.f.s.FlightOptionSeedService - 항공권 생성 중 날짜 : 2025-08-03
2026-06-18 10:36:11.450 [http-nio-8080-exec-6] INFO  c.m.f.s.FlightOptionSeedService - 항공권 batch 저장 완료 : 1003건 
2026-06-18 10:36:11.451 [http-nio-8080-exec-6] INFO  c.m.f.s.FlightOptionSeedService - 항공권 생성 중 날짜 : 2025-08-04
2026-06-18 10:36:12.656 [http-nio-8080-exec-6] INFO  c.m.f.s.FlightOptionSeedService - 항공권 batch 저장 완료 : 1001건 
2026-06-18 10:36:12.657 [http-nio-8080-exec-6] INFO  c.m.f.s.FlightOptionSeedService - 항공권 생성 중 날짜 : 2025-08-05
2026-06-18 10:36:13.822 [http-nio-8080-exec-6] INFO  c.m.f.s.FlightOptionSeedService - 항공권 batch 저장 완료 : 1006건 
2026-06-18 10:36:13.823 [http-nio-8080-exec-6] INFO  c.m.f.s.FlightOptionSeedService - 항공권 생성 중 날짜 : 2025-08-06
2026-06-18 10:36:15.177 [http-nio-8080-exec-6] INFO  c.m.f.s.FlightOptionSeedService - 항공권 batch 저장 완료 : 1028건 
2026-06-18 10:36:15.178 [http-nio-8080-exec-6] INFO  c.m.f.s.FlightOptionSeedService - 항공권 생성 중 날짜 : 2025-08-07
2026-06-18 10:36:16.568 [http-nio-8080-exec-6] INFO  c.m.f.s.FlightOptionSeedService - 항공권 batch 저장 완료 : 1030건 
2026-06-18 10:36:16.570 [http-nio-8080-exec-6] INFO  c.m.f.s.FlightOptionSeedService - 항공권 생성 중 날짜 : 2025-08-08
2026-06-18 10:36:18.030 [http-nio-8080-exec-6] INFO  c.m.f.s.FlightOptionSeedService - 항공권 batch 저장 완료 : 1011건 
2026-06-18 10:36:18.031 [http-nio-8080-exec-6] INFO  c.m.f.s.FlightOptionSeedService - 항공권 생성 중 날짜 : 2025-08-09
2026-06-18 10:36:19.139 [http-nio-8080-exec-6] INFO  c.m.f.s.FlightOptionSeedService - 항공권 batch 저장 완료 : 1005건 
2026-06-18 10:36:19.141 [http-nio-8080-exec-6] INFO  c.m.f.s.FlightOptionSeedService - 항공권 생성 중 날짜 : 2025-08-10
2026-06-18 10:36:20.405 [http-nio-8080-exec-6] INFO  c.m.f.s.FlightOptionSeedService - 항공권 batch 저장 완료 : 1002건 
2026-06-18 10:36:20.407 [http-nio-8080-exec-6] INFO  c.m.f.s.FlightOptionSeedService - 항공권 생성 중 날짜 : 2025-08-11
2026-06-18 10:36:21.623 [http-nio-8080-exec-6] INFO  c.m.f.s.FlightOptionSeedService - 항공권 batch 저장 완료 : 1001건 
2026-06-18 10:36:23.102 [http-nio-8080-exec-6] INFO  c.m.f.s.FlightOptionSeedService - 항공권 batch 저장 완료 : 1019건 
2026-06-18 10:36:23.103 [http-nio-8080-exec-6] INFO  c.m.f.s.FlightOptionSeedService - 항공권 생성 중 날짜 : 2025-08-12
2026-06-18 10:36:24.210 [http-nio-8080-exec-6] INFO  c.m.f.s.FlightOptionSeedService - 항공권 batch 저장 완료 : 1015건 
2026-06-18 10:36:24.211 [http-nio-8080-exec-6] INFO  c.m.f.s.FlightOptionSeedService - 항공권 생성 중 날짜 : 2025-08-13
2026-06-18 10:36:25.503 [http-nio-8080-exec-6] INFO  c.m.f.s.FlightOptionSeedService - 항공권 batch 저장 완료 : 1013건 
2026-06-18 10:36:25.504 [http-nio-8080-exec-6] INFO  c.m.f.s.FlightOptionSeedService - 항공권 생성 중 날짜 : 2025-08-14
2026-06-18 10:36:26.672 [http-nio-8080-exec-6] INFO  c.m.f.s.FlightOptionSeedService - 항공권 batch 저장 완료 : 1006건 
2026-06-18 10:36:26.672 [http-nio-8080-exec-6] INFO  c.m.f.s.FlightOptionSeedService - 항공권 생성 중 날짜 : 2025-08-15
2026-06-18 10:36:27.773 [http-nio-8080-exec-6] INFO  c.m.f.s.FlightOptionSeedService - 항공권 batch 저장 완료 : 1012건 
2026-06-18 10:36:27.775 [http-nio-8080-exec-6] INFO  c.m.f.s.FlightOptionSeedService - 항공권 생성 중 날짜 : 2025-08-16
2026-06-18 10:36:28.880 [http-nio-8080-exec-6] INFO  c.m.f.s.FlightOptionSeedService - 항공권 batch 저장 완료 : 1027건 
2026-06-18 10:36:28.881 [http-nio-8080-exec-6] INFO  c.m.f.s.FlightOptionSeedService - 항공권 생성 중 날짜 : 2025-08-17
2026-06-18 10:36:30.030 [http-nio-8080-exec-6] INFO  c.m.f.s.FlightOptionSeedService - 항공권 batch 저장 완료 : 1001건 
2026-06-18 10:36:30.031 [http-nio-8080-exec-6] INFO  c.m.f.s.FlightOptionSeedService - 항공권 생성 중 날짜 : 2025-08-18
2026-06-18 10:36:31.114 [http-nio-8080-exec-6] INFO  c.m.f.s.FlightOptionSeedService - 항공권 batch 저장 완료 : 1016건 
2026-06-18 10:36:31.115 [http-nio-8080-exec-6] INFO  c.m.f.s.FlightOptionSeedService - 항공권 생성 중 날짜 : 2025-08-19
2026-06-18 10:36:32.188 [http-nio-8080-exec-6] INFO  c.m.f.s.FlightOptionSeedService - 항공권 batch 저장 완료 : 1004건 
2026-06-18 10:36:32.190 [http-nio-8080-exec-6] INFO  c.m.f.s.FlightOptionSeedService - 항공권 생성 중 날짜 : 2025-08-20
2026-06-18 10:36:33.310 [http-nio-8080-exec-6] INFO  c.m.f.s.FlightOptionSeedService - 항공권 batch 저장 완료 : 1003건 
2026-06-18 10:36:34.467 [http-nio-8080-exec-6] INFO  c.m.f.s.FlightOptionSeedService - 항공권 batch 저장 완료 : 1000건 
2026-06-18 10:36:34.467 [http-nio-8080-exec-6] INFO  c.m.f.s.FlightOptionSeedService - 항공권 생성 중 날짜 : 2025-08-21
2026-06-18 10:36:35.521 [http-nio-8080-exec-6] INFO  c.m.f.s.FlightOptionSeedService - 항공권 batch 저장 완료 : 1008건 
2026-06-18 10:36:35.521 [http-nio-8080-exec-6] INFO  c.m.f.s.FlightOptionSeedService - 항공권 생성 중 날짜 : 2025-08-22
2026-06-18 10:36:36.676 [http-nio-8080-exec-6] INFO  c.m.f.s.FlightOptionSeedService - 항공권 batch 저장 완료 : 1010건 
2026-06-18 10:36:36.676 [http-nio-8080-exec-6] INFO  c.m.f.s.FlightOptionSeedService - 항공권 생성 중 날짜 : 2025-08-23
2026-06-18 10:36:37.802 [http-nio-8080-exec-6] INFO  c.m.f.s.FlightOptionSeedService - 항공권 batch 저장 완료 : 1000건 
2026-06-18 10:36:37.803 [http-nio-8080-exec-6] INFO  c.m.f.s.FlightOptionSeedService - 항공권 생성 중 날짜 : 2025-08-24
2026-06-18 10:36:38.981 [http-nio-8080-exec-6] INFO  c.m.f.s.FlightOptionSeedService - 항공권 batch 저장 완료 : 1002건 
2026-06-18 10:36:38.982 [http-nio-8080-exec-6] INFO  c.m.f.s.FlightOptionSeedService - 항공권 생성 중 날짜 : 2025-08-25
2026-06-18 10:36:40.116 [http-nio-8080-exec-6] INFO  c.m.f.s.FlightOptionSeedService - 항공권 batch 저장 완료 : 1038건 
2026-06-18 10:36:40.117 [http-nio-8080-exec-6] INFO  c.m.f.s.FlightOptionSeedService - 항공권 생성 중 날짜 : 2025-08-26
2026-06-18 10:36:41.492 [http-nio-8080-exec-6] INFO  c.m.f.s.FlightOptionSeedService - 항공권 batch 저장 완료 : 1013건 
2026-06-18 10:36:41.494 [http-nio-8080-exec-6] INFO  c.m.f.s.FlightOptionSeedService - 항공권 생성 중 날짜 : 2025-08-27
2026-06-18 10:36:42.598 [http-nio-8080-exec-6] INFO  c.m.f.s.FlightOptionSeedService - 항공권 batch 저장 완료 : 1017건 
2026-06-18 10:36:42.601 [http-nio-8080-exec-6] INFO  c.m.f.s.FlightOptionSeedService - 항공권 생성 중 날짜 : 2025-08-28
2026-06-18 10:36:44.589 [http-nio-8080-exec-6] INFO  c.m.f.s.FlightOptionSeedService - 항공권 batch 저장 완료 : 1015건 
2026-06-18 10:36:44.591 [http-nio-8080-exec-6] INFO  c.m.f.s.FlightOptionSeedService - 항공권 생성 중 날짜 : 2025-08-29
2026-06-18 10:36:45.868 [http-nio-8080-exec-6] INFO  c.m.f.s.FlightOptionSeedService - 항공권 batch 저장 완료 : 1005건 
2026-06-18 10:36:47.057 [http-nio-8080-exec-6] INFO  c.m.f.s.FlightOptionSeedService - 항공권 batch 저장 완료 : 1037건 
2026-06-18 10:36:47.057 [http-nio-8080-exec-6] INFO  c.m.f.s.FlightOptionSeedService - 항공권 생성 중 날짜 : 2025-08-30
2026-06-18 10:36:48.129 [http-nio-8080-exec-6] INFO  c.m.f.s.FlightOptionSeedService - 항공권 batch 저장 완료 : 1003건 
2026-06-18 10:36:48.129 [http-nio-8080-exec-6] INFO  c.m.f.s.FlightOptionSeedService - 항공권 생성 중 날짜 : 2025-08-31
2026-06-18 10:36:49.462 [http-nio-8080-exec-6] INFO  c.m.f.s.FlightOptionSeedService - 항공권 batch 저장 완료 : 1014건 
2026-06-18 10:36:49.462 [http-nio-8080-exec-6] INFO  c.m.f.s.FlightOptionSeedService - 항공권 생성 중 날짜 : 2025-09-01
2026-06-18 10:36:50.670 [http-nio-8080-exec-6] INFO  c.m.f.s.FlightOptionSeedService - 항공권 batch 저장 완료 : 1015건 
2026-06-18 10:36:50.671 [http-nio-8080-exec-6] INFO  c.m.f.s.FlightOptionSeedService - 항공권 생성 중 날짜 : 2025-09-02
2026-06-18 10:36:51.953 [http-nio-8080-exec-6] INFO  c.m.f.s.FlightOptionSeedService - 항공권 batch 저장 완료 : 1010건 
2026-06-18 10:36:51.954 [http-nio-8080-exec-6] INFO  c.m.f.s.FlightOptionSeedService - 항공권 생성 중 날짜 : 2025-09-03
2026-06-18 10:36:53.216 [http-nio-8080-exec-6] INFO  c.m.f.s.FlightOptionSeedService - 항공권 batch 저장 완료 : 1009건 
2026-06-18 10:36:53.217 [http-nio-8080-exec-6] INFO  c.m.f.s.FlightOptionSeedService - 항공권 생성 중 날짜 : 2025-09-04
2026-06-18 10:36:54.391 [http-nio-8080-exec-6] INFO  c.m.f.s.FlightOptionSeedService - 항공권 batch 저장 완료 : 1002건 
2026-06-18 10:36:54.393 [http-nio-8080-exec-6] INFO  c.m.f.s.FlightOptionSeedService - 항공권 생성 중 날짜 : 2025-09-05
2026-06-18 10:36:55.447 [http-nio-8080-exec-6] INFO  c.m.f.s.FlightOptionSeedService - 항공권 batch 저장 완료 : 1010건 
2026-06-18 10:36:55.449 [http-nio-8080-exec-6] INFO  c.m.f.s.FlightOptionSeedService - 항공권 생성 중 날짜 : 2025-09-06
2026-06-18 10:36:56.473 [http-nio-8080-exec-6] INFO  c.m.f.s.FlightOptionSeedService - 항공권 batch 저장 완료 : 1016건 
2026-06-18 10:36:56.474 [http-nio-8080-exec-6] INFO  c.m.f.s.FlightOptionSeedService - 항공권 생성 중 날짜 : 2025-09-07
2026-06-18 10:36:57.510 [http-nio-8080-exec-6] INFO  c.m.f.s.FlightOptionSeedService - 항공권 batch 저장 완료 : 1016건 
2026-06-18 10:36:57.512 [http-nio-8080-exec-6] INFO  c.m.f.s.FlightOptionSeedService - 항공권 생성 중 날짜 : 2025-09-08
2026-06-18 10:36:58.569 [http-nio-8080-exec-6] INFO  c.m.f.s.FlightOptionSeedService - 항공권 batch 저장 완료 : 1008건 
2026-06-18 10:36:59.758 [http-nio-8080-exec-6] INFO  c.m.f.s.FlightOptionSeedService - 항공권 batch 저장 완료 : 1007건 
2026-06-18 10:36:59.759 [http-nio-8080-exec-6] INFO  c.m.f.s.FlightOptionSeedService - 항공권 생성 중 날짜 : 2025-09-09
2026-06-18 10:37:00.743 [http-nio-8080-exec-6] INFO  c.m.f.s.FlightOptionSeedService - 항공권 batch 저장 완료 : 1015건 
2026-06-18 10:37:00.743 [http-nio-8080-exec-6] INFO  c.m.f.s.FlightOptionSeedService - 항공권 생성 중 날짜 : 2025-09-10
2026-06-18 10:37:01.801 [http-nio-8080-exec-6] INFO  c.m.f.s.FlightOptionSeedService - 항공권 batch 저장 완료 : 1011건 
2026-06-18 10:37:01.802 [http-nio-8080-exec-6] INFO  c.m.f.s.FlightOptionSeedService - 항공권 생성 중 날짜 : 2025-09-11
2026-06-18 10:37:02.838 [http-nio-8080-exec-6] INFO  c.m.f.s.FlightOptionSeedService - 항공권 batch 저장 완료 : 1001건 
2026-06-18 10:37:02.839 [http-nio-8080-exec-6] INFO  c.m.f.s.FlightOptionSeedService - 항공권 생성 중 날짜 : 2025-09-12
2026-06-18 10:37:03.914 [http-nio-8080-exec-6] INFO  c.m.f.s.FlightOptionSeedService - 항공권 batch 저장 완료 : 1013건 
2026-06-18 10:37:03.915 [http-nio-8080-exec-6] INFO  c.m.f.s.FlightOptionSeedService - 항공권 생성 중 날짜 : 2025-09-13
2026-06-18 10:37:05.028 [http-nio-8080-exec-6] INFO  c.m.f.s.FlightOptionSeedService - 항공권 batch 저장 완료 : 1013건 
2026-06-18 10:37:05.028 [http-nio-8080-exec-6] INFO  c.m.f.s.FlightOptionSeedService - 항공권 생성 중 날짜 : 2025-09-14
2026-06-18 10:37:05.982 [http-nio-8080-exec-6] INFO  c.m.f.s.FlightOptionSeedService - 항공권 batch 저장 완료 : 1002건 
2026-06-18 10:37:05.986 [http-nio-8080-exec-6] INFO  c.m.f.s.FlightOptionSeedService - 항공권 생성 중 날짜 : 2025-09-15
2026-06-18 10:37:07.355 [http-nio-8080-exec-6] INFO  c.m.f.s.FlightOptionSeedService - 항공권 batch 저장 완료 : 1006건 
2026-06-18 10:37:07.356 [http-nio-8080-exec-6] INFO  c.m.f.s.FlightOptionSeedService - 항공권 생성 중 날짜 : 2025-09-16
2026-06-18 10:37:08.839 [http-nio-8080-exec-6] INFO  c.m.f.s.FlightOptionSeedService - 항공권 batch 저장 완료 : 1009건 
2026-06-18 10:37:08.841 [http-nio-8080-exec-6] INFO  c.m.f.s.FlightOptionSeedService - 항공권 생성 중 날짜 : 2025-09-17
2026-06-18 10:37:10.303 [http-nio-8080-exec-6] INFO  c.m.f.s.FlightOptionSeedService - 항공권 batch 저장 완료 : 1002건 
2026-06-18 10:37:10.305 [http-nio-8080-exec-6] INFO  c.m.f.s.FlightOptionSeedService - 항공권 생성 중 날짜 : 2025-09-18
2026-06-18 10:37:11.571 [http-nio-8080-exec-6] INFO  c.m.f.s.FlightOptionSeedService - 항공권 batch 저장 완료 : 1013건 
2026-06-18 10:37:12.687 [http-nio-8080-exec-6] INFO  c.m.f.s.FlightOptionSeedService - 항공권 batch 저장 완료 : 1009건 
2026-06-18 10:37:12.688 [http-nio-8080-exec-6] INFO  c.m.f.s.FlightOptionSeedService - 항공권 생성 중 날짜 : 2025-09-19
2026-06-18 10:37:13.838 [http-nio-8080-exec-6] INFO  c.m.f.s.FlightOptionSeedService - 항공권 batch 저장 완료 : 1013건 
2026-06-18 10:37:13.838 [http-nio-8080-exec-6] INFO  c.m.f.s.FlightOptionSeedService - 항공권 생성 중 날짜 : 2025-09-20
2026-06-18 10:37:15.120 [http-nio-8080-exec-6] INFO  c.m.f.s.FlightOptionSeedService - 항공권 batch 저장 완료 : 1007건 
2026-06-18 10:37:15.121 [http-nio-8080-exec-6] INFO  c.m.f.s.FlightOptionSeedService - 항공권 생성 중 날짜 : 2025-09-21
2026-06-18 10:37:16.377 [http-nio-8080-exec-6] INFO  c.m.f.s.FlightOptionSeedService - 항공권 batch 저장 완료 : 1007건 
2026-06-18 10:37:16.378 [http-nio-8080-exec-6] INFO  c.m.f.s.FlightOptionSeedService - 항공권 생성 중 날짜 : 2025-09-22
2026-06-18 10:37:17.493 [http-nio-8080-exec-6] INFO  c.m.f.s.FlightOptionSeedService - 항공권 batch 저장 완료 : 1011건 
2026-06-18 10:37:17.494 [http-nio-8080-exec-6] INFO  c.m.f.s.FlightOptionSeedService - 항공권 생성 중 날짜 : 2025-09-23
2026-06-18 10:37:18.574 [http-nio-8080-exec-6] INFO  c.m.f.s.FlightOptionSeedService - 항공권 batch 저장 완료 : 1034건 
2026-06-18 10:37:18.574 [http-nio-8080-exec-6] INFO  c.m.f.s.FlightOptionSeedService - 항공권 생성 중 날짜 : 2025-09-24
2026-06-18 10:37:19.889 [http-nio-8080-exec-6] INFO  c.m.f.s.FlightOptionSeedService - 항공권 batch 저장 완료 : 1017건 
2026-06-18 10:37:19.890 [http-nio-8080-exec-6] INFO  c.m.f.s.FlightOptionSeedService - 항공권 생성 중 날짜 : 2025-09-25
2026-06-18 10:37:20.980 [http-nio-8080-exec-6] INFO  c.m.f.s.FlightOptionSeedService - 항공권 batch 저장 완료 : 1011건 
2026-06-18 10:37:20.981 [http-nio-8080-exec-6] INFO  c.m.f.s.FlightOptionSeedService - 항공권 생성 중 날짜 : 2025-09-26
2026-06-18 10:37:22.002 [http-nio-8080-exec-6] INFO  c.m.f.s.FlightOptionSeedService - 항공권 batch 저장 완료 : 1003건 
2026-06-18 10:37:22.003 [http-nio-8080-exec-6] INFO  c.m.f.s.FlightOptionSeedService - 항공권 생성 중 날짜 : 2025-09-27
2026-06-18 10:37:23.186 [http-nio-8080-exec-6] INFO  c.m.f.s.FlightOptionSeedService - 항공권 batch 저장 완료 : 1006건 
2026-06-18 10:37:24.223 [http-nio-8080-exec-6] INFO  c.m.f.s.FlightOptionSeedService - 항공권 batch 저장 완료 : 1028건 
2026-06-18 10:37:24.225 [http-nio-8080-exec-6] INFO  c.m.f.s.FlightOptionSeedService - 항공권 생성 중 날짜 : 2025-09-28
2026-06-18 10:37:25.242 [http-nio-8080-exec-6] INFO  c.m.f.s.FlightOptionSeedService - 항공권 batch 저장 완료 : 1015건 
2026-06-18 10:37:25.242 [http-nio-8080-exec-6] INFO  c.m.f.s.FlightOptionSeedService - 항공권 생성 중 날짜 : 2025-09-29
2026-06-18 10:37:26.405 [http-nio-8080-exec-6] INFO  c.m.f.s.FlightOptionSeedService - 항공권 batch 저장 완료 : 1006건 
2026-06-18 10:37:26.406 [http-nio-8080-exec-6] INFO  c.m.f.s.FlightOptionSeedService - 항공권 생성 중 날짜 : 2025-09-30
2026-06-18 10:37:28.648 [http-nio-8080-exec-6] INFO  c.m.f.s.FlightOptionSeedService - 항공권 batch 저장 완료 : 1001건 
2026-06-18 10:37:28.649 [http-nio-8080-exec-6] INFO  c.m.f.s.FlightOptionSeedService - 항공권 생성 중 날짜 : 2025-10-01
2026-06-18 10:37:30.858 [http-nio-8080-exec-6] INFO  c.m.f.s.FlightOptionSeedService - 항공권 batch 저장 완료 : 1004건 
2026-06-18 10:37:31.482 [http-nio-8080-exec-6] INFO  c.m.f.s.FlightOptionSeedService - 항공권 batch 저장 완료 : 481건 
2026-06-18 10:37:31.482 [http-nio-8080-exec-6] INFO  c.m.f.s.FlightOptionSeedService - 항공권 범위 생성 완료 : 2025-08-01 ~ 2025-10-01, 생성 건수: 68222
2026-06-18 10:37:55.531 [http-nio-8080-exec-8] INFO  c.m.f.s.FlightOptionSeedService - 항공권 범위 생성 시작 : 2025-10-01 ~ 2025-12-01
2026-06-18 10:37:56.244 [http-nio-8080-exec-8] INFO  c.m.f.s.FlightOptionSeedService - 항공권 생성 중 날짜 : 2025-10-01
2026-06-18 10:37:56.244 [http-nio-8080-exec-8] INFO  c.m.f.s.FlightOptionSeedService - 항공권 생성 중 날짜 : 2025-10-02
2026-06-18 10:37:59.996 [http-nio-8080-exec-8] INFO  c.m.f.s.FlightOptionSeedService - 항공권 batch 저장 완료 : 1015건 
2026-06-18 10:37:59.997 [http-nio-8080-exec-8] INFO  c.m.f.s.FlightOptionSeedService - 항공권 생성 중 날짜 : 2025-10-03
2026-06-18 10:38:03.946 [http-nio-8080-exec-8] INFO  c.m.f.s.FlightOptionSeedService - 항공권 batch 저장 완료 : 1009건 
2026-06-18 10:38:03.947 [http-nio-8080-exec-8] INFO  c.m.f.s.FlightOptionSeedService - 항공권 생성 중 날짜 : 2025-10-04
2026-06-18 10:38:06.664 [http-nio-8080-exec-8] INFO  c.m.f.s.FlightOptionSeedService - 항공권 batch 저장 완료 : 1013건 
2026-06-18 10:38:06.665 [http-nio-8080-exec-8] INFO  c.m.f.s.FlightOptionSeedService - 항공권 생성 중 날짜 : 2025-10-05
2026-06-18 10:38:08.468 [http-nio-8080-exec-8] INFO  c.m.f.s.FlightOptionSeedService - 항공권 batch 저장 완료 : 1011건 
2026-06-18 10:38:08.469 [http-nio-8080-exec-8] INFO  c.m.f.s.FlightOptionSeedService - 항공권 생성 중 날짜 : 2025-10-06
2026-06-18 10:38:11.402 [http-nio-8080-exec-8] INFO  c.m.f.s.FlightOptionSeedService - 항공권 batch 저장 완료 : 1021건 
2026-06-18 10:38:11.404 [http-nio-8080-exec-8] INFO  c.m.f.s.FlightOptionSeedService - 항공권 생성 중 날짜 : 2025-10-07
2026-06-18 10:38:14.124 [http-nio-8080-exec-8] INFO  c.m.f.s.FlightOptionSeedService - 항공권 batch 저장 완료 : 1013건 
2026-06-18 10:38:14.126 [http-nio-8080-exec-8] INFO  c.m.f.s.FlightOptionSeedService - 항공권 생성 중 날짜 : 2025-10-08
2026-06-18 10:38:16.404 [http-nio-8080-exec-8] INFO  c.m.f.s.FlightOptionSeedService - 항공권 batch 저장 완료 : 1000건 
2026-06-18 10:38:16.405 [http-nio-8080-exec-8] INFO  c.m.f.s.FlightOptionSeedService - 항공권 생성 중 날짜 : 2025-10-09
2026-06-18 10:38:22.563 [http-nio-8080-exec-8] INFO  c.m.f.s.FlightOptionSeedService - 항공권 batch 저장 완료 : 1003건 
2026-06-18 10:38:22.564 [http-nio-8080-exec-8] INFO  c.m.f.s.FlightOptionSeedService - 항공권 생성 중 날짜 : 2025-10-10
2026-06-18 10:38:28.145 [http-nio-8080-exec-8] INFO  c.m.f.s.FlightOptionSeedService - 항공권 batch 저장 완료 : 1004건 
2026-06-18 10:38:31.764 [http-nio-8080-exec-8] INFO  c.m.f.s.FlightOptionSeedService - 항공권 batch 저장 완료 : 1002건 
2026-06-18 10:38:31.764 [http-nio-8080-exec-8] INFO  c.m.f.s.FlightOptionSeedService - 항공권 생성 중 날짜 : 2025-10-11
2026-06-18 10:38:34.657 [http-nio-8080-exec-8] INFO  c.m.f.s.FlightOptionSeedService - 항공권 batch 저장 완료 : 1000건 
2026-06-18 10:38:34.658 [http-nio-8080-exec-8] INFO  c.m.f.s.FlightOptionSeedService - 항공권 생성 중 날짜 : 2025-10-12
2026-06-18 10:38:40.679 [http-nio-8080-exec-8] INFO  c.m.f.s.FlightOptionSeedService - 항공권 batch 저장 완료 : 1017건 
2026-06-18 10:38:40.680 [http-nio-8080-exec-8] INFO  c.m.f.s.FlightOptionSeedService - 항공권 생성 중 날짜 : 2025-10-13
2026-06-18 10:38:46.740 [http-nio-8080-exec-8] INFO  c.m.f.s.FlightOptionSeedService - 항공권 batch 저장 완료 : 1013건 
2026-06-18 10:38:46.741 [http-nio-8080-exec-8] INFO  c.m.f.s.FlightOptionSeedService - 항공권 생성 중 날짜 : 2025-10-14
2026-06-18 10:38:54.099 [http-nio-8080-exec-8] INFO  c.m.f.s.FlightOptionSeedService - 항공권 batch 저장 완료 : 1008건 
2026-06-18 10:38:54.100 [http-nio-8080-exec-8] INFO  c.m.f.s.FlightOptionSeedService - 항공권 생성 중 날짜 : 2025-10-15
2026-06-18 10:38:58.804 [http-nio-8080-exec-8] INFO  c.m.f.s.FlightOptionSeedService - 항공권 batch 저장 완료 : 1005건 
2026-06-18 10:38:58.806 [http-nio-8080-exec-8] INFO  c.m.f.s.FlightOptionSeedService - 항공권 생성 중 날짜 : 2025-10-16
2026-06-18 10:39:03.849 [http-nio-8080-exec-8] INFO  c.m.f.s.FlightOptionSeedService - 항공권 batch 저장 완료 : 1033건 
2026-06-18 10:39:03.852 [http-nio-8080-exec-8] INFO  c.m.f.s.FlightOptionSeedService - 항공권 생성 중 날짜 : 2025-10-17
2026-06-18 10:39:08.303 [http-nio-8080-exec-8] INFO  c.m.f.s.FlightOptionSeedService - 항공권 batch 저장 완료 : 1028건 
2026-06-18 10:39:08.304 [http-nio-8080-exec-8] INFO  c.m.f.s.FlightOptionSeedService - 항공권 생성 중 날짜 : 2025-10-18
2026-06-18 10:39:12.513 [http-nio-8080-exec-8] INFO  c.m.f.s.FlightOptionSeedService - 항공권 batch 저장 완료 : 1012건 
2026-06-18 10:39:12.515 [http-nio-8080-exec-8] INFO  c.m.f.s.FlightOptionSeedService - 항공권 생성 중 날짜 : 2025-10-19
2026-06-18 10:39:14.172 [http-nio-8080-exec-8] INFO  c.m.f.s.FlightOptionSeedService - 항공권 batch 저장 완료 : 1011건 
2026-06-18 10:39:14.177 [http-nio-8080-exec-8] INFO  c.m.f.s.FlightOptionSeedService - 항공권 생성 중 날짜 : 2025-10-20
2026-06-18 10:39:15.964 [http-nio-8080-exec-8] INFO  c.m.f.s.FlightOptionSeedService - 항공권 batch 저장 완료 : 1013건 
2026-06-18 10:39:15.972 [http-nio-8080-exec-8] INFO  c.m.f.s.FlightOptionSeedService - 항공권 생성 중 날짜 : 2025-10-21
2026-06-18 10:39:17.658 [http-nio-8080-exec-8] INFO  c.m.f.s.FlightOptionSeedService - 항공권 batch 저장 완료 : 1008건 
2026-06-18 10:39:19.352 [http-nio-8080-exec-8] INFO  c.m.f.s.FlightOptionSeedService - 항공권 batch 저장 완료 : 1011건 
2026-06-18 10:39:19.354 [http-nio-8080-exec-8] INFO  c.m.f.s.FlightOptionSeedService - 항공권 생성 중 날짜 : 2025-10-22
2026-06-18 10:39:21.141 [http-nio-8080-exec-8] INFO  c.m.f.s.FlightOptionSeedService - 항공권 batch 저장 완료 : 1010건 
2026-06-18 10:39:21.142 [http-nio-8080-exec-8] INFO  c.m.f.s.FlightOptionSeedService - 항공권 생성 중 날짜 : 2025-10-23
2026-06-18 10:39:22.985 [http-nio-8080-exec-8] INFO  c.m.f.s.FlightOptionSeedService - 항공권 batch 저장 완료 : 1008건 
2026-06-18 10:39:22.986 [http-nio-8080-exec-8] INFO  c.m.f.s.FlightOptionSeedService - 항공권 생성 중 날짜 : 2025-10-24
2026-06-18 10:39:24.705 [http-nio-8080-exec-8] INFO  c.m.f.s.FlightOptionSeedService - 항공권 batch 저장 완료 : 1013건 
2026-06-18 10:39:24.706 [http-nio-8080-exec-8] INFO  c.m.f.s.FlightOptionSeedService - 항공권 생성 중 날짜 : 2025-10-25
2026-06-18 10:39:26.369 [http-nio-8080-exec-8] INFO  c.m.f.s.FlightOptionSeedService - 항공권 batch 저장 완료 : 1001건 
2026-06-18 10:39:26.373 [http-nio-8080-exec-8] INFO  c.m.f.s.FlightOptionSeedService - 항공권 생성 중 날짜 : 2025-10-26
2026-06-18 10:39:28.421 [http-nio-8080-exec-8] INFO  c.m.f.s.FlightOptionSeedService - 항공권 batch 저장 완료 : 1018건 
2026-06-18 10:39:28.423 [http-nio-8080-exec-8] INFO  c.m.f.s.FlightOptionSeedService - 항공권 생성 중 날짜 : 2025-10-27
2026-06-18 10:39:30.078 [http-nio-8080-exec-8] INFO  c.m.f.s.FlightOptionSeedService - 항공권 batch 저장 완료 : 1010건 
2026-06-18 10:39:30.081 [http-nio-8080-exec-8] INFO  c.m.f.s.FlightOptionSeedService - 항공권 생성 중 날짜 : 2025-10-28
2026-06-18 10:39:31.758 [http-nio-8080-exec-8] INFO  c.m.f.s.FlightOptionSeedService - 항공권 batch 저장 완료 : 1001건 
2026-06-18 10:39:31.760 [http-nio-8080-exec-8] INFO  c.m.f.s.FlightOptionSeedService - 항공권 생성 중 날짜 : 2025-10-29
2026-06-18 10:39:33.433 [http-nio-8080-exec-8] INFO  c.m.f.s.FlightOptionSeedService - 항공권 batch 저장 완료 : 1001건 
2026-06-18 10:39:35.371 [http-nio-8080-exec-8] INFO  c.m.f.s.FlightOptionSeedService - 항공권 batch 저장 완료 : 1023건 
2026-06-18 10:39:35.372 [http-nio-8080-exec-8] INFO  c.m.f.s.FlightOptionSeedService - 항공권 생성 중 날짜 : 2025-10-30
2026-06-18 10:39:37.567 [http-nio-8080-exec-8] INFO  c.m.f.s.FlightOptionSeedService - 항공권 batch 저장 완료 : 1003건 
2026-06-18 10:39:37.570 [http-nio-8080-exec-8] INFO  c.m.f.s.FlightOptionSeedService - 항공권 생성 중 날짜 : 2025-10-31
2026-06-18 10:39:39.488 [http-nio-8080-exec-8] INFO  c.m.f.s.FlightOptionSeedService - 항공권 batch 저장 완료 : 1004건 
2026-06-18 10:39:39.489 [http-nio-8080-exec-8] INFO  c.m.f.s.FlightOptionSeedService - 항공권 생성 중 날짜 : 2025-11-01
2026-06-18 10:39:41.191 [http-nio-8080-exec-8] INFO  c.m.f.s.FlightOptionSeedService - 항공권 batch 저장 완료 : 1015건 
2026-06-18 10:39:41.193 [http-nio-8080-exec-8] INFO  c.m.f.s.FlightOptionSeedService - 항공권 생성 중 날짜 : 2025-11-02
2026-06-18 10:39:42.922 [http-nio-8080-exec-8] INFO  c.m.f.s.FlightOptionSeedService - 항공권 batch 저장 완료 : 1007건 
2026-06-18 10:39:42.924 [http-nio-8080-exec-8] INFO  c.m.f.s.FlightOptionSeedService - 항공권 생성 중 날짜 : 2025-11-03
2026-06-18 10:39:45.059 [http-nio-8080-exec-8] INFO  c.m.f.s.FlightOptionSeedService - 항공권 batch 저장 완료 : 1016건 
2026-06-18 10:39:45.063 [http-nio-8080-exec-8] INFO  c.m.f.s.FlightOptionSeedService - 항공권 생성 중 날짜 : 2025-11-04
2026-06-18 10:39:46.936 [http-nio-8080-exec-8] INFO  c.m.f.s.FlightOptionSeedService - 항공권 batch 저장 완료 : 1020건 
2026-06-18 10:39:46.939 [http-nio-8080-exec-8] INFO  c.m.f.s.FlightOptionSeedService - 항공권 생성 중 날짜 : 2025-11-05
2026-06-18 10:39:49.175 [http-nio-8080-exec-8] INFO  c.m.f.s.FlightOptionSeedService - 항공권 batch 저장 완료 : 1000건 
2026-06-18 10:39:49.179 [http-nio-8080-exec-8] INFO  c.m.f.s.FlightOptionSeedService - 항공권 생성 중 날짜 : 2025-11-06
2026-06-18 10:39:51.588 [http-nio-8080-exec-8] INFO  c.m.f.s.FlightOptionSeedService - 항공권 batch 저장 완료 : 1009건 
2026-06-18 10:39:51.591 [http-nio-8080-exec-8] INFO  c.m.f.s.FlightOptionSeedService - 항공권 생성 중 날짜 : 2025-11-07
2026-06-18 10:39:54.230 [http-nio-8080-exec-8] INFO  c.m.f.s.FlightOptionSeedService - 항공권 batch 저장 완료 : 1008건 
2026-06-18 10:39:56.467 [http-nio-8080-exec-8] INFO  c.m.f.s.FlightOptionSeedService - 항공권 batch 저장 완료 : 1015건 
2026-06-18 10:39:56.467 [http-nio-8080-exec-8] INFO  c.m.f.s.FlightOptionSeedService - 항공권 생성 중 날짜 : 2025-11-08
2026-06-18 10:39:57.011 [http-nio-8080-exec-10] INFO  c.m.f.s.FlightOptionSeedService - 항공권 후처리 시작 : 2025-05-01 ~ 2025-06-01 
2026-06-18 10:40:03.738 [http-nio-8080-exec-8] INFO  c.m.f.s.FlightOptionSeedService - 항공권 batch 저장 완료 : 1021건 
2026-06-18 10:40:03.748 [http-nio-8080-exec-8] INFO  c.m.f.s.FlightOptionSeedService - 항공권 생성 중 날짜 : 2025-11-09
2026-06-18 10:40:09.676 [http-nio-8080-exec-8] INFO  c.m.f.s.FlightOptionSeedService - 항공권 batch 저장 완료 : 1004건 
2026-06-18 10:40:09.678 [http-nio-8080-exec-8] INFO  c.m.f.s.FlightOptionSeedService - 항공권 생성 중 날짜 : 2025-11-10
2026-06-18 10:40:18.770 [http-nio-8080-exec-8] INFO  c.m.f.s.FlightOptionSeedService - 항공권 batch 저장 완료 : 1008건 
2026-06-18 10:40:18.771 [http-nio-8080-exec-8] INFO  c.m.f.s.FlightOptionSeedService - 항공권 생성 중 날짜 : 2025-11-11
2026-06-18 10:40:28.540 [http-nio-8080-exec-8] INFO  c.m.f.s.FlightOptionSeedService - 항공권 batch 저장 완료 : 1000건 
2026-06-18 10:40:28.541 [http-nio-8080-exec-8] INFO  c.m.f.s.FlightOptionSeedService - 항공권 생성 중 날짜 : 2025-11-12
2026-06-18 10:40:35.835 [http-nio-8080-exec-8] INFO  c.m.f.s.FlightOptionSeedService - 항공권 batch 저장 완료 : 1016건 
2026-06-18 10:40:35.837 [http-nio-8080-exec-8] INFO  c.m.f.s.FlightOptionSeedService - 항공권 생성 중 날짜 : 2025-11-13
2026-06-18 10:40:44.508 [http-nio-8080-exec-8] INFO  c.m.f.s.FlightOptionSeedService - 항공권 batch 저장 완료 : 1014건 
2026-06-18 10:40:44.523 [http-nio-8080-exec-8] INFO  c.m.f.s.FlightOptionSeedService - 항공권 생성 중 날짜 : 2025-11-14
2026-06-18 10:40:51.770 [http-nio-8080-exec-8] INFO  c.m.f.s.FlightOptionSeedService - 항공권 batch 저장 완료 : 1003건 
2026-06-18 10:40:51.771 [http-nio-8080-exec-8] INFO  c.m.f.s.FlightOptionSeedService - 항공권 생성 중 날짜 : 2025-11-15
2026-06-18 10:40:58.432 [http-nio-8080-exec-8] INFO  c.m.f.s.FlightOptionSeedService - 항공권 batch 저장 완료 : 1001건 
2026-06-18 10:40:58.435 [http-nio-8080-exec-8] INFO  c.m.f.s.FlightOptionSeedService - 항공권 생성 중 날짜 : 2025-11-16
2026-06-18 10:41:05.382 [http-nio-8080-exec-8] INFO  c.m.f.s.FlightOptionSeedService - 항공권 batch 저장 완료 : 1017건 
2026-06-18 10:41:05.384 [http-nio-8080-exec-8] INFO  c.m.f.s.FlightOptionSeedService - 항공권 생성 중 날짜 : 2025-11-17
2026-06-18 10:41:16.263 [http-nio-8080-exec-8] INFO  c.m.f.s.FlightOptionSeedService - 항공권 batch 저장 완료 : 1005건 
2026-06-18 10:41:25.519 [http-nio-8080-exec-8] INFO  c.m.f.s.FlightOptionSeedService - 항공권 batch 저장 완료 : 1010건 
2026-06-18 10:41:25.519 [http-nio-8080-exec-8] INFO  c.m.f.s.FlightOptionSeedService - 항공권 생성 중 날짜 : 2025-11-18
2026-06-18 10:41:33.416 [http-nio-8080-exec-8] INFO  c.m.f.s.FlightOptionSeedService - 항공권 batch 저장 완료 : 1007건 
2026-06-18 10:41:33.417 [http-nio-8080-exec-8] INFO  c.m.f.s.FlightOptionSeedService - 항공권 생성 중 날짜 : 2025-11-19
2026-06-18 10:41:39.820 [http-nio-8080-exec-8] INFO  c.m.f.s.FlightOptionSeedService - 항공권 batch 저장 완료 : 1001건 
2026-06-18 10:41:39.824 [http-nio-8080-exec-8] INFO  c.m.f.s.FlightOptionSeedService - 항공권 생성 중 날짜 : 2025-11-20
2026-06-18 10:41:47.313 [http-nio-8080-exec-8] INFO  c.m.f.s.FlightOptionSeedService - 항공권 batch 저장 완료 : 1016건 
2026-06-18 10:41:47.314 [http-nio-8080-exec-8] INFO  c.m.f.s.FlightOptionSeedService - 항공권 생성 중 날짜 : 2025-11-21
2026-06-18 10:41:54.884 [http-nio-8080-exec-8] INFO  c.m.f.s.FlightOptionSeedService - 항공권 batch 저장 완료 : 1010건 
2026-06-18 10:41:54.886 [http-nio-8080-exec-8] INFO  c.m.f.s.FlightOptionSeedService - 항공권 생성 중 날짜 : 2025-11-22
2026-06-18 10:42:00.822 [http-nio-8080-exec-8] INFO  c.m.f.s.FlightOptionSeedService - 항공권 batch 저장 완료 : 1023건 
2026-06-18 10:42:00.823 [http-nio-8080-exec-8] INFO  c.m.f.s.FlightOptionSeedService - 항공권 생성 중 날짜 : 2025-11-23
2026-06-18 10:42:06.416 [http-nio-8080-exec-8] INFO  c.m.f.s.FlightOptionSeedService - 항공권 batch 저장 완료 : 1019건 
2026-06-18 10:42:06.418 [http-nio-8080-exec-8] INFO  c.m.f.s.FlightOptionSeedService - 항공권 생성 중 날짜 : 2025-11-24
2026-06-18 10:42:11.997 [http-nio-8080-exec-8] INFO  c.m.f.s.FlightOptionSeedService - 항공권 batch 저장 완료 : 1020건 
2026-06-18 10:42:11.999 [http-nio-8080-exec-8] INFO  c.m.f.s.FlightOptionSeedService - 항공권 생성 중 날짜 : 2025-11-25
2026-06-18 10:42:19.225 [http-nio-8080-exec-8] INFO  c.m.f.s.FlightOptionSeedService - 항공권 batch 저장 완료 : 1015건 
2026-06-18 10:42:19.508 [http-nio-8080-exec-8] INFO  c.m.f.s.FlightOptionSeedService - 항공권 생성 중 날짜 : 2025-11-26
2026-06-18 10:42:28.484 [http-nio-8080-exec-8] INFO  c.m.f.s.FlightOptionSeedService - 항공권 batch 저장 완료 : 1014건 
2026-06-18 10:42:36.583 [http-nio-8080-exec-8] INFO  c.m.f.s.FlightOptionSeedService - 항공권 batch 저장 완료 : 1004건 
2026-06-18 10:42:36.584 [http-nio-8080-exec-8] INFO  c.m.f.s.FlightOptionSeedService - 항공권 생성 중 날짜 : 2025-11-27
2026-06-18 10:42:45.601 [http-nio-8080-exec-8] INFO  c.m.f.s.FlightOptionSeedService - 항공권 batch 저장 완료 : 1011건 
2026-06-18 10:42:45.602 [http-nio-8080-exec-8] INFO  c.m.f.s.FlightOptionSeedService - 항공권 생성 중 날짜 : 2025-11-28
2026-06-18 10:42:53.445 [http-nio-8080-exec-8] INFO  c.m.f.s.FlightOptionSeedService - 항공권 batch 저장 완료 : 1011건 
2026-06-18 10:42:53.446 [http-nio-8080-exec-8] INFO  c.m.f.s.FlightOptionSeedService - 항공권 생성 중 날짜 : 2025-11-29
2026-06-18 10:43:00.789 [http-nio-8080-exec-8] INFO  c.m.f.s.FlightOptionSeedService - 항공권 batch 저장 완료 : 1009건 
2026-06-18 10:43:00.792 [http-nio-8080-exec-8] INFO  c.m.f.s.FlightOptionSeedService - 항공권 생성 중 날짜 : 2025-11-30
2026-06-18 10:43:09.034 [http-nio-8080-exec-8] INFO  c.m.f.s.FlightOptionSeedService - 항공권 batch 저장 완료 : 1018건 
2026-06-18 10:43:09.036 [http-nio-8080-exec-8] INFO  c.m.f.s.FlightOptionSeedService - 항공권 생성 중 날짜 : 2025-12-01
2026-06-18 10:43:09.374 [http-nio-8080-exec-10] INFO  c.m.f.s.FlightOptionSeedService - 항공권 후처리 완료 : 2025-05-01 ~ 2025-06-01 
2026-06-18 10:43:19.737 [http-nio-8080-exec-8] INFO  c.m.f.s.FlightOptionSeedService - 항공권 batch 저장 완료 : 1007건 
2026-06-18 10:43:27.518 [http-nio-8080-exec-8] INFO  c.m.f.s.FlightOptionSeedService - 항공권 batch 저장 완료 : 646건 
2026-06-18 10:43:27.519 [http-nio-8080-exec-8] INFO  c.m.f.s.FlightOptionSeedService - 항공권 범위 생성 완료 : 2025-10-01 ~ 2025-12-01, 생성 건수: 68362
2026-06-18 10:43:28.224 [http-nio-8080-exec-10] WARN  o.s.w.s.m.m.a.ExceptionHandlerExceptionResolver - Failure in @ExceptionHandler com.money.common.exception.GlobalExceptionHandler#handleException(Exception, HttpServletRequest)
org.springframework.http.converter.HttpMessageNotWritableException: No converter for [class com.money.common.dto.ErrorResponseDto] with preset Content-Type 'text/plain;charset=UTF-8'
	at org.springframework.web.servlet.mvc.method.annotation.AbstractMessageConverterMethodProcessor.writeWithMessageConverters(AbstractMessageConverterMethodProcessor.java:364)
	at org.springframework.web.servlet.mvc.method.annotation.HttpEntityMethodProcessor.handleReturnValue(HttpEntityMethodProcessor.java:261)
	at org.springframework.web.method.support.HandlerMethodReturnValueHandlerComposite.handleReturnValue(HandlerMethodReturnValueHandlerComposite.java:78)
	at org.springframework.web.servlet.mvc.method.annotation.ServletInvocableHandlerMethod.invokeAndHandle(ServletInvocableHandlerMethod.java:135)
	at org.springframework.web.servlet.mvc.method.annotation.ExceptionHandlerExceptionResolver.doResolveHandlerMethodException(ExceptionHandlerExceptionResolver.java:460)
	at org.springframework.web.servlet.handler.AbstractHandlerMethodExceptionResolver.doResolveException(AbstractHandlerMethodExceptionResolver.java:72)
	at org.springframework.web.servlet.handler.AbstractHandlerExceptionResolver.resolveException(AbstractHandlerExceptionResolver.java:176)
	at org.springframework.web.servlet.handler.HandlerExceptionResolverComposite.resolveException(HandlerExceptionResolverComposite.java:78)
	at org.springframework.web.servlet.DispatcherServlet.processHandlerException(DispatcherServlet.java:1227)
	at org.springframework.web.servlet.DispatcherServlet.processDispatchResult(DispatcherServlet.java:1035)
	at org.springframework.web.servlet.DispatcherServlet.doDispatch(DispatcherServlet.java:980)
	at org.springframework.web.servlet.DispatcherServlet.doService(DispatcherServlet.java:866)
	at org.springframework.web.servlet.FrameworkServlet.processRequest(FrameworkServlet.java:1003)
	at org.springframework.web.servlet.FrameworkServlet.doPost(FrameworkServlet.java:903)
	at jakarta.servlet.http.HttpServlet.service(HttpServlet.java:649)
	at org.springframework.web.servlet.FrameworkServlet.service(FrameworkServlet.java:874)
	at jakarta.servlet.http.HttpServlet.service(HttpServlet.java:710)
	at org.apache.catalina.core.ApplicationFilterChain.doFilter(ApplicationFilterChain.java:128)
	at org.apache.tomcat.websocket.server.WsFilter.doFilter(WsFilter.java:53)
	at org.apache.catalina.core.ApplicationFilterChain.doFilter(ApplicationFilterChain.java:107)
	at org.springframework.web.filter.RequestContextFilter.doFilterInternal(RequestContextFilter.java:100)
	at org.springframework.web.filter.OncePerRequestFilter.doFilter(OncePerRequestFilter.java:116)
	at org.apache.catalina.core.ApplicationFilterChain.doFilter(ApplicationFilterChain.java:107)
	at org.springframework.web.filter.FormContentFilter.doFilterInternal(FormContentFilter.java:93)
	at org.springframework.web.filter.OncePerRequestFilter.doFilter(OncePerRequestFilter.java:116)
	at org.apache.catalina.core.ApplicationFilterChain.doFilter(ApplicationFilterChain.java:107)
	at org.springframework.web.filter.CharacterEncodingFilter.doFilterInternal(CharacterEncodingFilter.java:199)
	at org.springframework.web.filter.OncePerRequestFilter.doFilter(OncePerRequestFilter.java:116)
	at org.apache.catalina.core.ApplicationFilterChain.doFilter(ApplicationFilterChain.java:107)
	at org.apache.catalina.core.StandardWrapperValve.invoke(StandardWrapperValve.java:165)
	at org.apache.catalina.core.StandardContextValve.invoke(StandardContextValve.java:77)
	at org.apache.catalina.authenticator.AuthenticatorBase.invoke(AuthenticatorBase.java:482)
	at org.apache.catalina.core.StandardHostValve.invoke(StandardHostValve.java:113)
	at org.apache.catalina.valves.ErrorReportValve.invoke(ErrorReportValve.java:83)
	at org.apache.catalina.core.StandardEngineValve.invoke(StandardEngineValve.java:72)
	at org.apache.catalina.connector.CoyoteAdapter.service(CoyoteAdapter.java:341)
	at org.apache.coyote.http11.Http11Processor.service(Http11Processor.java:397)
	at org.apache.coyote.AbstractProcessorLight.process(AbstractProcessorLight.java:63)
	at org.apache.coyote.AbstractProtocol$ConnectionHandler.process(AbstractProtocol.java:903)
	at org.apache.tomcat.util.net.NioEndpoint$SocketProcessor.doRun(NioEndpoint.java:1778)
	at org.apache.tomcat.util.net.SocketProcessorBase.run(SocketProcessorBase.java:52)
	at org.apache.tomcat.util.threads.ThreadPoolExecutor.runWorker(ThreadPoolExecutor.java:946)
	at org.apache.tomcat.util.threads.ThreadPoolExecutor$Worker.run(ThreadPoolExecutor.java:480)
	at org.apache.tomcat.util.threads.TaskThread$WrappingRunnable.run(TaskThread.java:57)
	at java.base/java.lang.Thread.run(Thread.java:1583)
2026-06-18 10:51:25.899 [HikariPool-1:housekeeper] WARN  com.zaxxer.hikari.pool.HikariPool - HikariPool-1 - Thread starvation or clock leap detected (housekeeper delta=7m20s800ms738µs700ns).
2026-06-18 11:01:16.518 [main] INFO  com.money.ExchangeApplication - Starting ExchangeApplication using Java 21.0.6 with PID 28116 (C:\Spring\exchange\build\classes\java\main started by perud in C:\Spring\exchange)
2026-06-18 11:01:16.526 [main] INFO  com.money.ExchangeApplication - No active profile set, falling back to 1 default profile: "default"
2026-06-18 11:01:19.039 [main] INFO  o.s.d.r.c.RepositoryConfigurationDelegate - Bootstrapping Spring Data JPA repositories in DEFAULT mode.
2026-06-18 11:01:19.415 [main] INFO  o.s.d.r.c.RepositoryConfigurationDelegate - Finished Spring Data repository scanning in 347 ms. Found 11 JPA repository interfaces.
2026-06-18 11:01:20.997 [main] INFO  o.s.boot.tomcat.TomcatWebServer - Tomcat initialized with port 8080 (http)
2026-06-18 11:01:21.027 [main] INFO  o.a.coyote.http11.Http11NioProtocol - Initializing ProtocolHandler ["http-nio-8080"]
2026-06-18 11:01:21.034 [main] INFO  o.a.catalina.core.StandardService - Starting service [Tomcat]
2026-06-18 11:01:21.035 [main] INFO  o.a.catalina.core.StandardEngine - Starting Servlet engine: [Apache Tomcat/11.0.15]
2026-06-18 11:01:21.219 [main] INFO  o.s.b.w.c.s.WebApplicationContextInitializer - Root WebApplicationContext: initialization completed in 4521 ms
2026-06-18 11:01:21.850 [main] INFO  org.hibernate.orm.jpa - HHH008540: Processing PersistenceUnitInfo [name: default]
2026-06-18 11:01:22.061 [main] INFO  org.hibernate.orm.core - HHH000001: Hibernate ORM core version 7.2.1.Final
2026-06-18 11:01:23.651 [main] INFO  o.s.o.j.p.SpringPersistenceUnitInfo - No LoadTimeWeaver setup: ignoring JPA class transformer
2026-06-18 11:01:23.764 [main] INFO  com.zaxxer.hikari.HikariDataSource - HikariPool-1 - Starting...
2026-06-18 11:01:24.118 [main] INFO  com.zaxxer.hikari.pool.HikariPool - HikariPool-1 - Added connection org.mariadb.jdbc.Connection@1eb6037d
2026-06-18 11:01:24.124 [main] INFO  com.zaxxer.hikari.HikariDataSource - HikariPool-1 - Start completed.
2026-06-18 11:01:24.297 [main] INFO  o.hibernate.orm.connections.pooling - HHH10001005: Database info:
	Database JDBC URL [jdbc:mariadb://localhost/exchange?user=perudeim&password=***]
	Database driver: MariaDB Connector/J
	Database dialect: MariaDBDialect
	Database version: 11.7.2
	Default catalog/schema: exchange/undefined
	Autocommit mode: undefined/unknown
	Isolation level: REPEATABLE_READ [default REPEATABLE_READ]
	JDBC fetch size: none
	Pool: DataSourceConnectionProvider
	Minimum pool size: undefined/unknown
	Maximum pool size: undefined/unknown
2026-06-18 11:01:27.868 [main] INFO  org.hibernate.orm.core - HHH000489: No JTA platform available (set 'hibernate.transaction.jta.platform' to enable JTA platform integration)
2026-06-18 11:01:27.880 [main] INFO  org.hibernate.orm.jdbc.batch - HHH100501: Automatic JDBC statement batching enabled (maximum batch size 1000)
2026-06-18 11:01:28.450 [main] INFO  o.s.o.j.LocalContainerEntityManagerFactoryBean - Initialized JPA EntityManagerFactory for persistence unit 'default'
2026-06-18 11:01:28.633 [main] INFO  o.s.d.j.r.q.QueryEnhancerFactories - Hibernate is in classpath; If applicable, HQL parser will be used.
2026-06-18 11:01:30.638 [main] INFO  c.m.e.scheduler.RateHistoryScheduler - 서버 시작 시 최근 환율 데이터 저장 시작
2026-06-18 11:01:32.203 [main] INFO  c.m.e.s.RateHistoryImportService - 환율 데이터 수집 완료. currencyCode=USD, days=7
2026-06-18 11:01:32.355 [main] INFO  c.m.e.s.RateHistoryImportService - 환율 데이터 수집 완료. currencyCode=JPY, days=7
2026-06-18 11:01:32.566 [main] INFO  c.m.e.s.RateHistoryImportService - 환율 데이터 수집 완료. currencyCode=EUR, days=7
2026-06-18 11:01:32.740 [main] INFO  c.m.e.s.RateHistoryImportService - 환율 데이터 수집 완료. currencyCode=CNY, days=7
2026-06-18 11:01:32.913 [main] INFO  c.m.e.s.RateHistoryImportService - 환율 데이터 수집 완료. currencyCode=GBP, days=7
2026-06-18 11:01:33.092 [main] INFO  c.m.e.s.RateHistoryImportService - 환율 데이터 수집 완료. currencyCode=AUD, days=7
2026-06-18 11:01:33.295 [main] INFO  c.m.e.s.RateHistoryImportService - 환율 데이터 수집 완료. currencyCode=CAD, days=7
2026-06-18 11:01:33.434 [main] INFO  c.m.e.s.RateHistoryImportService - 환율 데이터 수집 완료. currencyCode=CHF, days=7
2026-06-18 11:01:33.577 [main] INFO  c.m.e.s.RateHistoryImportService - 환율 데이터 수집 완료. currencyCode=HKD, days=7
2026-06-18 11:01:33.733 [main] INFO  c.m.e.s.RateHistoryImportService - 환율 데이터 수집 완료. currencyCode=SGD, days=7
2026-06-18 11:01:33.898 [main] INFO  c.m.e.s.RateHistoryImportService - 환율 데이터 수집 완료. currencyCode=THB, days=7
2026-06-18 11:01:34.009 [main] INFO  c.m.e.s.RateHistoryImportService - 환율 데이터 수집 완료. currencyCode=MYR, days=7
2026-06-18 11:01:34.196 [main] INFO  c.m.e.s.RateHistoryImportService - 환율 데이터 수집 완료. currencyCode=IDR, days=7
2026-06-18 11:01:34.360 [main] INFO  c.m.e.s.RateHistoryImportService - 환율 데이터 수집 완료. currencyCode=PHP, days=7
2026-06-18 11:01:34.589 [main] INFO  c.m.e.s.RateHistoryImportService - 환율 데이터 수집 완료. currencyCode=VND, days=7
2026-06-18 11:01:34.897 [main] INFO  c.m.e.s.RateHistoryImportService - 환율 데이터 수집 완료. currencyCode=TWD, days=7
2026-06-18 11:01:35.054 [main] INFO  c.m.e.s.RateHistoryImportService - 환율 데이터 수집 완료. currencyCode=NZD, days=7
2026-06-18 11:01:35.227 [main] INFO  c.m.e.s.RateHistoryImportService - 환율 데이터 수집 완료. currencyCode=SEK, days=7
2026-06-18 11:01:35.399 [main] INFO  c.m.e.s.RateHistoryImportService - 환율 데이터 수집 완료. currencyCode=NOK, days=7
2026-06-18 11:01:35.592 [main] INFO  c.m.e.s.RateHistoryImportService - 환율 데이터 수집 완료. currencyCode=DKK, days=7
2026-06-18 11:01:35.827 [main] INFO  c.m.e.s.RateHistoryImportService - 환율 데이터 수집 완료. currencyCode=AED, days=7
2026-06-18 11:01:36.082 [main] INFO  c.m.e.s.RateHistoryImportService - 환율 데이터 수집 완료. currencyCode=SAR, days=7
2026-06-18 11:01:36.258 [main] INFO  c.m.e.s.RateHistoryImportService - 환율 데이터 수집 완료. currencyCode=KWD, days=7
2026-06-18 11:01:36.417 [main] INFO  c.m.e.s.RateHistoryImportService - 환율 데이터 수집 완료. currencyCode=BHD, days=7
2026-06-18 11:01:36.417 [main] INFO  c.m.e.s.RateHistoryImportService - 최근 환율 데이터 수집 종료. days=7
2026-06-18 11:01:36.421 [main] INFO  c.m.e.scheduler.RateHistoryScheduler - 서버 시작 시 최근 환율 데이터 저장 완료
2026-06-18 11:01:37.448 [main] WARN  o.s.b.j.a.JpaBaseConfiguration$JpaWebConfiguration - spring.jpa.open-in-view is enabled by default. Therefore, database queries may be performed during view rendering. Explicitly configure spring.jpa.open-in-view to disable this warning
2026-06-18 11:01:38.328 [main] INFO  o.a.coyote.http11.Http11NioProtocol - Starting ProtocolHandler ["http-nio-8080"]
2026-06-18 11:01:38.386 [main] INFO  o.s.boot.tomcat.TomcatWebServer - Tomcat started on port 8080 (http) with context path '/'
2026-06-18 11:01:38.404 [main] INFO  com.money.ExchangeApplication - Started ExchangeApplication in 23.819 seconds (process running for 25.183)
2026-06-18 11:01:41.662 [http-nio-8080-exec-3] INFO  o.a.c.c.C.[Tomcat].[localhost].[/] - Initializing Spring DispatcherServlet 'dispatcherServlet'
2026-06-18 11:01:41.664 [http-nio-8080-exec-3] INFO  o.s.web.servlet.DispatcherServlet - Initializing Servlet 'dispatcherServlet'
2026-06-18 11:01:41.668 [http-nio-8080-exec-3] INFO  o.s.web.servlet.DispatcherServlet - Completed initialization in 2 ms
2026-06-18 11:01:41.762 [http-nio-8080-exec-3] INFO  c.m.f.s.FlightOptionSeedService - 항공권 후처리 시작 : 2025-05-01 ~ 2025-06-01 
2026-06-18 11:02:13.784 [http-nio-8080-exec-3] INFO  c.m.f.s.FlightOptionSeedService - 항공권 후처리 완료 : 2025-05-01 ~ 2025-06-01 
2026-06-18 11:08:10.632 [http-nio-8080-exec-2] INFO  c.m.f.s.FlightOptionSeedService - 항공권 범위 생성 시작 : 2026-07-01 ~ 2026-08-01
2026-06-18 11:08:12.756 [http-nio-8080-exec-2] INFO  c.m.f.s.FlightOptionSeedService - 항공권 생성 중 날짜 : 2026-07-01
2026-06-18 11:08:17.847 [http-nio-8080-exec-2] INFO  c.m.f.s.FlightOptionSeedService - 항공권 batch 저장 완료 : 1031건 
2026-06-18 11:08:17.856 [http-nio-8080-exec-2] INFO  c.m.f.s.FlightOptionSeedService - 항공권 생성 중 날짜 : 2026-07-02
2026-06-18 11:08:22.443 [http-nio-8080-exec-2] INFO  c.m.f.s.FlightOptionSeedService - 항공권 batch 저장 완료 : 1000건 
2026-06-18 11:08:22.446 [http-nio-8080-exec-2] INFO  c.m.f.s.FlightOptionSeedService - 항공권 생성 중 날짜 : 2026-07-03
2026-06-18 11:08:24.780 [http-nio-8080-exec-7] INFO  c.m.f.s.FlightOptionSeedService - 항공권 범위 생성 시작 : 2026-07-01 ~ 2026-08-01
2026-06-18 11:08:25.877 [http-nio-8080-exec-7] INFO  c.m.f.s.FlightOptionSeedService - 항공권 생성 중 날짜 : 2026-07-01
2026-06-18 11:08:28.580 [http-nio-8080-exec-2] INFO  c.m.f.s.FlightOptionSeedService - 항공권 batch 저장 완료 : 1007건 
2026-06-18 11:08:28.582 [http-nio-8080-exec-2] INFO  c.m.f.s.FlightOptionSeedService - 항공권 생성 중 날짜 : 2026-07-04
2026-06-18 11:08:31.678 [http-nio-8080-exec-7] INFO  c.m.f.s.FlightOptionSeedService - 항공권 batch 저장 완료 : 1031건 
2026-06-18 11:08:31.678 [http-nio-8080-exec-7] INFO  c.m.f.s.FlightOptionSeedService - 항공권 생성 중 날짜 : 2026-07-02
2026-06-18 11:08:33.280 [http-nio-8080-exec-2] INFO  c.m.f.s.FlightOptionSeedService - 항공권 batch 저장 완료 : 1003건 
2026-06-18 11:08:33.284 [http-nio-8080-exec-2] INFO  c.m.f.s.FlightOptionSeedService - 항공권 생성 중 날짜 : 2026-07-05
2026-06-18 11:08:36.067 [http-nio-8080-exec-7] INFO  c.m.f.s.FlightOptionSeedService - 항공권 batch 저장 완료 : 1000건 
2026-06-18 11:08:36.070 [http-nio-8080-exec-7] INFO  c.m.f.s.FlightOptionSeedService - 항공권 생성 중 날짜 : 2026-07-03
2026-06-18 11:08:38.171 [http-nio-8080-exec-2] INFO  c.m.f.s.FlightOptionSeedService - 항공권 batch 저장 완료 : 1016건 
2026-06-18 11:08:38.174 [http-nio-8080-exec-2] INFO  c.m.f.s.FlightOptionSeedService - 항공권 생성 중 날짜 : 2026-07-06
2026-06-18 11:08:41.606 [http-nio-8080-exec-7] INFO  c.m.f.s.FlightOptionSeedService - 항공권 batch 저장 완료 : 1007건 
2026-06-18 11:08:41.613 [http-nio-8080-exec-7] INFO  c.m.f.s.FlightOptionSeedService - 항공권 생성 중 날짜 : 2026-07-04
2026-06-18 11:08:43.772 [http-nio-8080-exec-2] INFO  c.m.f.s.FlightOptionSeedService - 항공권 batch 저장 완료 : 1002건 
2026-06-18 11:08:43.778 [http-nio-8080-exec-2] INFO  c.m.f.s.FlightOptionSeedService - 항공권 생성 중 날짜 : 2026-07-07
2026-06-18 11:08:46.432 [http-nio-8080-exec-7] INFO  c.m.f.s.FlightOptionSeedService - 항공권 batch 저장 완료 : 1003건 
2026-06-18 11:08:46.438 [http-nio-8080-exec-7] INFO  c.m.f.s.FlightOptionSeedService - 항공권 생성 중 날짜 : 2026-07-05
2026-06-18 11:08:48.703 [http-nio-8080-exec-2] INFO  c.m.f.s.FlightOptionSeedService - 항공권 batch 저장 완료 : 1001건 
2026-06-18 11:08:48.705 [http-nio-8080-exec-2] INFO  c.m.f.s.FlightOptionSeedService - 항공권 생성 중 날짜 : 2026-07-08
2026-06-18 11:08:53.610 [http-nio-8080-exec-7] INFO  c.m.f.s.FlightOptionSeedService - 항공권 batch 저장 완료 : 1016건 
2026-06-18 11:08:53.611 [http-nio-8080-exec-7] INFO  c.m.f.s.FlightOptionSeedService - 항공권 생성 중 날짜 : 2026-07-06
2026-06-18 11:08:55.881 [http-nio-8080-exec-2] INFO  c.m.f.s.FlightOptionSeedService - 항공권 batch 저장 완료 : 1004건 
2026-06-18 11:08:55.886 [http-nio-8080-exec-2] INFO  c.m.f.s.FlightOptionSeedService - 항공권 생성 중 날짜 : 2026-07-09
2026-06-18 11:08:59.349 [http-nio-8080-exec-7] INFO  c.m.f.s.FlightOptionSeedService - 항공권 batch 저장 완료 : 1002건 
2026-06-18 11:08:59.354 [http-nio-8080-exec-7] INFO  c.m.f.s.FlightOptionSeedService - 항공권 생성 중 날짜 : 2026-07-07
2026-06-18 11:09:01.391 [http-nio-8080-exec-2] INFO  c.m.f.s.FlightOptionSeedService - 항공권 batch 저장 완료 : 1002건 
2026-06-18 11:09:01.418 [http-nio-8080-exec-2] INFO  c.m.f.s.FlightOptionSeedService - 항공권 생성 중 날짜 : 2026-07-10
2026-06-18 11:09:03.993 [http-nio-8080-exec-7] INFO  c.m.f.s.FlightOptionSeedService - 항공권 batch 저장 완료 : 1001건 
2026-06-18 11:09:03.997 [http-nio-8080-exec-7] INFO  c.m.f.s.FlightOptionSeedService - 항공권 생성 중 날짜 : 2026-07-08
2026-06-18 11:09:06.097 [http-nio-8080-exec-2] INFO  c.m.f.s.FlightOptionSeedService - 항공권 batch 저장 완료 : 1004건 
2026-06-18 11:09:09.650 [http-nio-8080-exec-7] INFO  c.m.f.s.FlightOptionSeedService - 항공권 batch 저장 완료 : 1004건 
2026-06-18 11:09:09.652 [http-nio-8080-exec-7] INFO  c.m.f.s.FlightOptionSeedService - 항공권 생성 중 날짜 : 2026-07-09
2026-06-18 11:09:13.044 [http-nio-8080-exec-2] INFO  c.m.f.s.FlightOptionSeedService - 항공권 batch 저장 완료 : 1002건 
2026-06-18 11:09:13.048 [http-nio-8080-exec-2] INFO  c.m.f.s.FlightOptionSeedService - 항공권 생성 중 날짜 : 2026-07-11
2026-06-18 11:09:17.433 [http-nio-8080-exec-7] INFO  c.m.f.s.FlightOptionSeedService - 항공권 batch 저장 완료 : 1002건 
2026-06-18 11:09:17.439 [http-nio-8080-exec-7] INFO  c.m.f.s.FlightOptionSeedService - 항공권 생성 중 날짜 : 2026-07-10
2026-06-18 11:09:20.368 [http-nio-8080-exec-2] INFO  c.m.f.s.FlightOptionSeedService - 항공권 batch 저장 완료 : 1005건 
2026-06-18 11:09:20.369 [http-nio-8080-exec-2] INFO  c.m.f.s.FlightOptionSeedService - 항공권 생성 중 날짜 : 2026-07-12
2026-06-18 11:09:28.336 [http-nio-8080-exec-7] INFO  c.m.f.s.FlightOptionSeedService - 항공권 batch 저장 완료 : 1004건 
2026-06-18 11:09:32.311 [http-nio-8080-exec-2] INFO  c.m.f.s.FlightOptionSeedService - 항공권 batch 저장 완료 : 1000건 
2026-06-18 11:09:32.313 [http-nio-8080-exec-2] INFO  c.m.f.s.FlightOptionSeedService - 항공권 생성 중 날짜 : 2026-07-13
2026-06-18 11:09:37.609 [http-nio-8080-exec-7] INFO  c.m.f.s.FlightOptionSeedService - 항공권 batch 저장 완료 : 1002건 
2026-06-18 11:09:37.610 [http-nio-8080-exec-7] INFO  c.m.f.s.FlightOptionSeedService - 항공권 생성 중 날짜 : 2026-07-11
2026-06-18 11:09:40.897 [http-nio-8080-exec-2] INFO  c.m.f.s.FlightOptionSeedService - 항공권 batch 저장 완료 : 1010건 
2026-06-18 11:09:40.905 [http-nio-8080-exec-2] INFO  c.m.f.s.FlightOptionSeedService - 항공권 생성 중 날짜 : 2026-07-14
2026-06-18 11:09:44.380 [http-nio-8080-exec-7] INFO  c.m.f.s.FlightOptionSeedService - 항공권 batch 저장 완료 : 1005건 
2026-06-18 11:09:44.382 [http-nio-8080-exec-7] INFO  c.m.f.s.FlightOptionSeedService - 항공권 생성 중 날짜 : 2026-07-12
2026-06-18 11:09:47.244 [http-nio-8080-exec-2] INFO  c.m.f.s.FlightOptionSeedService - 항공권 batch 저장 완료 : 1016건 
2026-06-18 11:09:47.248 [http-nio-8080-exec-2] INFO  c.m.f.s.FlightOptionSeedService - 항공권 생성 중 날짜 : 2026-07-15
2026-06-18 11:09:50.140 [http-nio-8080-exec-7] INFO  c.m.f.s.FlightOptionSeedService - 항공권 batch 저장 완료 : 1000건 
2026-06-18 11:09:50.143 [http-nio-8080-exec-7] INFO  c.m.f.s.FlightOptionSeedService - 항공권 생성 중 날짜 : 2026-07-13
2026-06-18 11:09:53.475 [http-nio-8080-exec-2] INFO  c.m.f.s.FlightOptionSeedService - 항공권 batch 저장 완료 : 1024건 
2026-06-18 11:09:53.478 [http-nio-8080-exec-2] INFO  c.m.f.s.FlightOptionSeedService - 항공권 생성 중 날짜 : 2026-07-16
2026-06-18 11:09:56.996 [http-nio-8080-exec-7] INFO  c.m.f.s.FlightOptionSeedService - 항공권 batch 저장 완료 : 1010건 
2026-06-18 11:09:56.997 [http-nio-8080-exec-7] INFO  c.m.f.s.FlightOptionSeedService - 항공권 생성 중 날짜 : 2026-07-14
2026-06-18 11:09:59.354 [http-nio-8080-exec-2] INFO  c.m.f.s.FlightOptionSeedService - 항공권 batch 저장 완료 : 1016건 
2026-06-18 11:09:59.362 [http-nio-8080-exec-2] INFO  c.m.f.s.FlightOptionSeedService - 항공권 생성 중 날짜 : 2026-07-17
2026-06-18 11:10:03.198 [http-nio-8080-exec-7] INFO  c.m.f.s.FlightOptionSeedService - 항공권 batch 저장 완료 : 1016건 
2026-06-18 11:10:03.199 [http-nio-8080-exec-7] INFO  c.m.f.s.FlightOptionSeedService - 항공권 생성 중 날짜 : 2026-07-15
2026-06-18 11:10:05.683 [http-nio-8080-exec-2] INFO  c.m.f.s.FlightOptionSeedService - 항공권 batch 저장 완료 : 1014건 
2026-06-18 11:10:05.685 [http-nio-8080-exec-2] INFO  c.m.f.s.FlightOptionSeedService - 항공권 생성 중 날짜 : 2026-07-18
2026-06-18 11:10:09.947 [http-nio-8080-exec-7] INFO  c.m.f.s.FlightOptionSeedService - 항공권 batch 저장 완료 : 1024건 
2026-06-18 11:10:09.963 [http-nio-8080-exec-7] INFO  c.m.f.s.FlightOptionSeedService - 항공권 생성 중 날짜 : 2026-07-16
2026-06-18 11:10:12.677 [http-nio-8080-exec-2] INFO  c.m.f.s.FlightOptionSeedService - 항공권 batch 저장 완료 : 1016건 
2026-06-18 11:10:12.689 [http-nio-8080-exec-2] INFO  c.m.f.s.FlightOptionSeedService - 항공권 생성 중 날짜 : 2026-07-19
2026-06-18 11:10:16.094 [http-nio-8080-exec-7] INFO  c.m.f.s.FlightOptionSeedService - 항공권 batch 저장 완료 : 1016건 
2026-06-18 11:10:16.096 [http-nio-8080-exec-7] INFO  c.m.f.s.FlightOptionSeedService - 항공권 생성 중 날짜 : 2026-07-17
2026-06-18 11:10:19.180 [http-nio-8080-exec-2] INFO  c.m.f.s.FlightOptionSeedService - 항공권 batch 저장 완료 : 1008건 
2026-06-18 11:10:22.175 [http-nio-8080-exec-7] INFO  c.m.f.s.FlightOptionSeedService - 항공권 batch 저장 완료 : 1014건 
2026-06-18 11:10:22.179 [http-nio-8080-exec-7] INFO  c.m.f.s.FlightOptionSeedService - 항공권 생성 중 날짜 : 2026-07-18
2026-06-18 11:10:25.856 [http-nio-8080-exec-2] INFO  c.m.f.s.FlightOptionSeedService - 항공권 batch 저장 완료 : 1016건 
2026-06-18 11:10:25.856 [http-nio-8080-exec-2] INFO  c.m.f.s.FlightOptionSeedService - 항공권 생성 중 날짜 : 2026-07-20
2026-06-18 11:10:29.293 [http-nio-8080-exec-7] INFO  c.m.f.s.FlightOptionSeedService - 항공권 batch 저장 완료 : 1016건 
2026-06-18 11:10:29.320 [http-nio-8080-exec-7] INFO  c.m.f.s.FlightOptionSeedService - 항공권 생성 중 날짜 : 2026-07-19
2026-06-18 11:10:31.632 [http-nio-8080-exec-2] INFO  c.m.f.s.FlightOptionSeedService - 항공권 batch 저장 완료 : 1037건 
2026-06-18 11:10:31.635 [http-nio-8080-exec-2] INFO  c.m.f.s.FlightOptionSeedService - 항공권 생성 중 날짜 : 2026-07-21
2026-06-18 11:10:34.922 [http-nio-8080-exec-7] INFO  c.m.f.s.FlightOptionSeedService - 항공권 batch 저장 완료 : 1008건 
2026-06-18 11:10:36.949 [http-nio-8080-exec-2] INFO  c.m.f.s.FlightOptionSeedService - 항공권 batch 저장 완료 : 1016건 
2026-06-18 11:10:36.956 [http-nio-8080-exec-2] INFO  c.m.f.s.FlightOptionSeedService - 항공권 생성 중 날짜 : 2026-07-22
2026-06-18 11:10:40.642 [http-nio-8080-exec-7] INFO  c.m.f.s.FlightOptionSeedService - 항공권 batch 저장 완료 : 1016건 
2026-06-18 11:10:40.655 [http-nio-8080-exec-7] INFO  c.m.f.s.FlightOptionSeedService - 항공권 생성 중 날짜 : 2026-07-20
2026-06-18 11:10:43.578 [http-nio-8080-exec-2] INFO  c.m.f.s.FlightOptionSeedService - 항공권 batch 저장 완료 : 1015건 
2026-06-18 11:10:43.579 [http-nio-8080-exec-2] INFO  c.m.f.s.FlightOptionSeedService - 항공권 생성 중 날짜 : 2026-07-23
2026-06-18 11:10:47.470 [http-nio-8080-exec-7] INFO  c.m.f.s.FlightOptionSeedService - 항공권 batch 저장 완료 : 1037건 
2026-06-18 11:10:47.484 [http-nio-8080-exec-7] INFO  c.m.f.s.FlightOptionSeedService - 항공권 생성 중 날짜 : 2026-07-21
2026-06-18 11:10:49.453 [http-nio-8080-exec-2] INFO  c.m.f.s.FlightOptionSeedService - 항공권 batch 저장 완료 : 1008건 
2026-06-18 11:10:49.457 [http-nio-8080-exec-2] INFO  c.m.f.s.FlightOptionSeedService - 항공권 생성 중 날짜 : 2026-07-24
2026-06-18 11:10:52.971 [http-nio-8080-exec-7] INFO  c.m.f.s.FlightOptionSeedService - 항공권 batch 저장 완료 : 1016건 
2026-06-18 11:10:52.978 [http-nio-8080-exec-7] INFO  c.m.f.s.FlightOptionSeedService - 항공권 생성 중 날짜 : 2026-07-22
2026-06-18 11:10:55.322 [http-nio-8080-exec-2] INFO  c.m.f.s.FlightOptionSeedService - 항공권 batch 저장 완료 : 1008건 
2026-06-18 11:10:55.323 [http-nio-8080-exec-2] INFO  c.m.f.s.FlightOptionSeedService - 항공권 생성 중 날짜 : 2026-07-25
2026-06-18 11:10:58.943 [http-nio-8080-exec-7] INFO  c.m.f.s.FlightOptionSeedService - 항공권 batch 저장 완료 : 1015건 
2026-06-18 11:10:58.946 [http-nio-8080-exec-7] INFO  c.m.f.s.FlightOptionSeedService - 항공권 생성 중 날짜 : 2026-07-23
2026-06-18 11:11:00.768 [http-nio-8080-exec-2] INFO  c.m.f.s.FlightOptionSeedService - 항공권 batch 저장 완료 : 1022건 
2026-06-18 11:11:00.769 [http-nio-8080-exec-2] INFO  c.m.f.s.FlightOptionSeedService - 항공권 생성 중 날짜 : 2026-07-26
2026-06-18 11:11:04.297 [http-nio-8080-exec-7] INFO  c.m.f.s.FlightOptionSeedService - 항공권 batch 저장 완료 : 1008건 
2026-06-18 11:11:04.309 [http-nio-8080-exec-7] INFO  c.m.f.s.FlightOptionSeedService - 항공권 생성 중 날짜 : 2026-07-24
2026-06-18 11:11:05.657 [http-nio-8080-exec-2] INFO  c.m.f.s.FlightOptionSeedService - 항공권 batch 저장 완료 : 1015건 
2026-06-18 11:11:05.660 [http-nio-8080-exec-2] INFO  c.m.f.s.FlightOptionSeedService - 항공권 생성 중 날짜 : 2026-07-27
2026-06-18 11:11:08.309 [http-nio-8080-exec-7] INFO  c.m.f.s.FlightOptionSeedService - 항공권 batch 저장 완료 : 1008건 
2026-06-18 11:11:08.313 [http-nio-8080-exec-7] INFO  c.m.f.s.FlightOptionSeedService - 항공권 생성 중 날짜 : 2026-07-25
2026-06-18 11:11:09.743 [http-nio-8080-exec-2] INFO  c.m.f.s.FlightOptionSeedService - 항공권 batch 저장 완료 : 1010건 
2026-06-18 11:11:09.748 [http-nio-8080-exec-2] INFO  c.m.f.s.FlightOptionSeedService - 항공권 생성 중 날짜 : 2026-07-28
2026-06-18 11:11:12.346 [http-nio-8080-exec-7] INFO  c.m.f.s.FlightOptionSeedService - 항공권 batch 저장 완료 : 1022건 
2026-06-18 11:11:12.349 [http-nio-8080-exec-7] INFO  c.m.f.s.FlightOptionSeedService - 항공권 생성 중 날짜 : 2026-07-26
2026-06-18 11:11:13.759 [http-nio-8080-exec-2] INFO  c.m.f.s.FlightOptionSeedService - 항공권 batch 저장 완료 : 1017건 
2026-06-18 11:11:13.763 [http-nio-8080-exec-2] INFO  c.m.f.s.FlightOptionSeedService - 항공권 생성 중 날짜 : 2026-07-29
2026-06-18 11:11:16.265 [http-nio-8080-exec-7] INFO  c.m.f.s.FlightOptionSeedService - 항공권 batch 저장 완료 : 1015건 
2026-06-18 11:11:16.268 [http-nio-8080-exec-7] INFO  c.m.f.s.FlightOptionSeedService - 항공권 생성 중 날짜 : 2026-07-27
2026-06-18 11:11:18.237 [http-nio-8080-exec-2] INFO  c.m.f.s.FlightOptionSeedService - 항공권 batch 저장 완료 : 1006건 
2026-06-18 11:11:20.578 [http-nio-8080-exec-7] INFO  c.m.f.s.FlightOptionSeedService - 항공권 batch 저장 완료 : 1010건 
2026-06-18 11:11:20.580 [http-nio-8080-exec-7] INFO  c.m.f.s.FlightOptionSeedService - 항공권 생성 중 날짜 : 2026-07-28
2026-06-18 11:11:22.909 [http-nio-8080-exec-2] INFO  c.m.f.s.FlightOptionSeedService - 항공권 batch 저장 완료 : 1031건 
2026-06-18 11:11:22.910 [http-nio-8080-exec-2] INFO  c.m.f.s.FlightOptionSeedService - 항공권 생성 중 날짜 : 2026-07-30
2026-06-18 11:11:26.041 [http-nio-8080-exec-7] INFO  c.m.f.s.FlightOptionSeedService - 항공권 batch 저장 완료 : 1017건 
2026-06-18 11:11:26.043 [http-nio-8080-exec-7] INFO  c.m.f.s.FlightOptionSeedService - 항공권 생성 중 날짜 : 2026-07-29
2026-06-18 11:11:28.081 [http-nio-8080-exec-2] INFO  c.m.f.s.FlightOptionSeedService - 항공권 batch 저장 완료 : 1021건 
2026-06-18 11:11:28.082 [http-nio-8080-exec-2] INFO  c.m.f.s.FlightOptionSeedService - 항공권 생성 중 날짜 : 2026-07-31
2026-06-18 11:11:32.122 [http-nio-8080-exec-7] INFO  c.m.f.s.FlightOptionSeedService - 항공권 batch 저장 완료 : 1006건 
2026-06-18 11:11:36.252 [http-nio-8080-exec-2] INFO  c.m.f.s.FlightOptionSeedService - 항공권 batch 저장 완료 : 1011건 
2026-06-18 11:11:36.257 [http-nio-8080-exec-2] INFO  c.m.f.s.FlightOptionSeedService - 항공권 생성 중 날짜 : 2026-08-01
2026-06-18 11:11:40.086 [http-nio-8080-exec-7] INFO  c.m.f.s.FlightOptionSeedService - 항공권 batch 저장 완료 : 1031건 
2026-06-18 11:11:40.087 [http-nio-8080-exec-7] INFO  c.m.f.s.FlightOptionSeedService - 항공권 생성 중 날짜 : 2026-07-30
2026-06-18 11:11:42.879 [http-nio-8080-exec-2] INFO  c.m.f.s.FlightOptionSeedService - 항공권 batch 저장 완료 : 1000건 
2026-06-18 11:11:45.137 [http-nio-8080-exec-2] INFO  c.m.f.s.FlightOptionSeedService - 항공권 batch 저장 완료 : 379건 
2026-06-18 11:11:45.140 [http-nio-8080-exec-2] INFO  c.m.f.s.FlightOptionSeedService - 항공권 범위 생성 완료 : 2026-07-01 ~ 2026-08-01, 생성 건수: 35793
2026-06-18 11:11:45.217 [http-nio-8080-exec-2] WARN  o.s.w.s.m.m.a.ExceptionHandlerExceptionResolver - Failure in @ExceptionHandler com.money.common.exception.GlobalExceptionHandler#handleException(Exception, HttpServletRequest)
org.springframework.http.converter.HttpMessageNotWritableException: No converter for [class com.money.common.dto.ErrorResponseDto] with preset Content-Type 'text/plain;charset=UTF-8'
	at org.springframework.web.servlet.mvc.method.annotation.AbstractMessageConverterMethodProcessor.writeWithMessageConverters(AbstractMessageConverterMethodProcessor.java:364)
	at org.springframework.web.servlet.mvc.method.annotation.HttpEntityMethodProcessor.handleReturnValue(HttpEntityMethodProcessor.java:261)
	at org.springframework.web.method.support.HandlerMethodReturnValueHandlerComposite.handleReturnValue(HandlerMethodReturnValueHandlerComposite.java:78)
	at org.springframework.web.servlet.mvc.method.annotation.ServletInvocableHandlerMethod.invokeAndHandle(ServletInvocableHandlerMethod.java:135)
	at org.springframework.web.servlet.mvc.method.annotation.ExceptionHandlerExceptionResolver.doResolveHandlerMethodException(ExceptionHandlerExceptionResolver.java:460)
	at org.springframework.web.servlet.handler.AbstractHandlerMethodExceptionResolver.doResolveException(AbstractHandlerMethodExceptionResolver.java:72)
	at org.springframework.web.servlet.handler.AbstractHandlerExceptionResolver.resolveException(AbstractHandlerExceptionResolver.java:176)
	at org.springframework.web.servlet.handler.HandlerExceptionResolverComposite.resolveException(HandlerExceptionResolverComposite.java:78)
	at org.springframework.web.servlet.DispatcherServlet.processHandlerException(DispatcherServlet.java:1227)
	at org.springframework.web.servlet.DispatcherServlet.processDispatchResult(DispatcherServlet.java:1035)
	at org.springframework.web.servlet.DispatcherServlet.doDispatch(DispatcherServlet.java:980)
	at org.springframework.web.servlet.DispatcherServlet.doService(DispatcherServlet.java:866)
	at org.springframework.web.servlet.FrameworkServlet.processRequest(FrameworkServlet.java:1003)
	at org.springframework.web.servlet.FrameworkServlet.doPost(FrameworkServlet.java:903)
	at jakarta.servlet.http.HttpServlet.service(HttpServlet.java:649)
	at org.springframework.web.servlet.FrameworkServlet.service(FrameworkServlet.java:874)
	at jakarta.servlet.http.HttpServlet.service(HttpServlet.java:710)
	at org.apache.catalina.core.ApplicationFilterChain.doFilter(ApplicationFilterChain.java:128)
	at org.apache.tomcat.websocket.server.WsFilter.doFilter(WsFilter.java:53)
	at org.apache.catalina.core.ApplicationFilterChain.doFilter(ApplicationFilterChain.java:107)
	at org.springframework.web.filter.RequestContextFilter.doFilterInternal(RequestContextFilter.java:100)
	at org.springframework.web.filter.OncePerRequestFilter.doFilter(OncePerRequestFilter.java:116)
	at org.apache.catalina.core.ApplicationFilterChain.doFilter(ApplicationFilterChain.java:107)
	at org.springframework.web.filter.FormContentFilter.doFilterInternal(FormContentFilter.java:93)
	at org.springframework.web.filter.OncePerRequestFilter.doFilter(OncePerRequestFilter.java:116)
	at org.apache.catalina.core.ApplicationFilterChain.doFilter(ApplicationFilterChain.java:107)
	at org.springframework.web.filter.CharacterEncodingFilter.doFilterInternal(CharacterEncodingFilter.java:199)
	at org.springframework.web.filter.OncePerRequestFilter.doFilter(OncePerRequestFilter.java:116)
	at org.apache.catalina.core.ApplicationFilterChain.doFilter(ApplicationFilterChain.java:107)
	at org.apache.catalina.core.StandardWrapperValve.invoke(StandardWrapperValve.java:165)
	at org.apache.catalina.core.StandardContextValve.invoke(StandardContextValve.java:77)
	at org.apache.catalina.authenticator.AuthenticatorBase.invoke(AuthenticatorBase.java:482)
	at org.apache.catalina.core.StandardHostValve.invoke(StandardHostValve.java:113)
	at org.apache.catalina.valves.ErrorReportValve.invoke(ErrorReportValve.java:83)
	at org.apache.catalina.core.StandardEngineValve.invoke(StandardEngineValve.java:72)
	at org.apache.catalina.connector.CoyoteAdapter.service(CoyoteAdapter.java:341)
	at org.apache.coyote.http11.Http11Processor.service(Http11Processor.java:397)
	at org.apache.coyote.AbstractProcessorLight.process(AbstractProcessorLight.java:63)
	at org.apache.coyote.AbstractProtocol$ConnectionHandler.process(AbstractProtocol.java:903)
	at org.apache.tomcat.util.net.NioEndpoint$SocketProcessor.doRun(NioEndpoint.java:1778)
	at org.apache.tomcat.util.net.SocketProcessorBase.run(SocketProcessorBase.java:52)
	at org.apache.tomcat.util.threads.ThreadPoolExecutor.runWorker(ThreadPoolExecutor.java:946)
	at org.apache.tomcat.util.threads.ThreadPoolExecutor$Worker.run(ThreadPoolExecutor.java:480)
	at org.apache.tomcat.util.threads.TaskThread$WrappingRunnable.run(TaskThread.java:57)
	at java.base/java.lang.Thread.run(Thread.java:1583)
2026-06-18 11:11:46.274 [http-nio-8080-exec-7] INFO  c.m.f.s.FlightOptionSeedService - 항공권 batch 저장 완료 : 1021건 
2026-06-18 11:11:46.275 [http-nio-8080-exec-7] INFO  c.m.f.s.FlightOptionSeedService - 항공권 생성 중 날짜 : 2026-07-31
2026-06-18 11:11:50.407 [http-nio-8080-exec-7] INFO  c.m.f.s.FlightOptionSeedService - 항공권 batch 저장 완료 : 1011건 
2026-06-18 11:11:50.409 [http-nio-8080-exec-7] INFO  c.m.f.s.FlightOptionSeedService - 항공권 생성 중 날짜 : 2026-08-01
2026-06-18 11:11:52.811 [http-nio-8080-exec-7] INFO  c.m.f.s.FlightOptionSeedService - 항공권 batch 저장 완료 : 1000건 
2026-06-18 11:11:54.440 [http-nio-8080-exec-7] INFO  c.m.f.s.FlightOptionSeedService - 항공권 batch 저장 완료 : 379건 
2026-06-18 11:11:54.440 [http-nio-8080-exec-7] INFO  c.m.f.s.FlightOptionSeedService - 항공권 범위 생성 완료 : 2026-07-01 ~ 2026-08-01, 생성 건수: 35793
2026-06-18 11:14:27.626 [HikariPool-1:housekeeper] WARN  com.zaxxer.hikari.pool.HikariPool - HikariPool-1 - Thread starvation or clock leap detected (housekeeper delta=1m33s181ms1µs500ns).
2026-06-18 11:24:43.156 [main] INFO  com.money.ExchangeApplication - Starting ExchangeApplication using Java 21.0.6 with PID 35592 (C:\Spring\exchange\build\classes\java\main started by perud in C:\Spring\exchange)
2026-06-18 11:24:43.165 [main] INFO  com.money.ExchangeApplication - No active profile set, falling back to 1 default profile: "default"
2026-06-18 11:24:44.559 [main] INFO  o.s.d.r.c.RepositoryConfigurationDelegate - Bootstrapping Spring Data JPA repositories in DEFAULT mode.
2026-06-18 11:24:44.760 [main] INFO  o.s.d.r.c.RepositoryConfigurationDelegate - Finished Spring Data repository scanning in 185 ms. Found 11 JPA repository interfaces.
2026-06-18 11:24:45.932 [main] INFO  o.s.boot.tomcat.TomcatWebServer - Tomcat initialized with port 8080 (http)
2026-06-18 11:24:45.955 [main] INFO  o.a.coyote.http11.Http11NioProtocol - Initializing ProtocolHandler ["http-nio-8080"]
2026-06-18 11:24:45.961 [main] INFO  o.a.catalina.core.StandardService - Starting service [Tomcat]
2026-06-18 11:24:45.961 [main] INFO  o.a.catalina.core.StandardEngine - Starting Servlet engine: [Apache Tomcat/11.0.15]
2026-06-18 11:24:46.065 [main] INFO  o.s.b.w.c.s.WebApplicationContextInitializer - Root WebApplicationContext: initialization completed in 2836 ms
2026-06-18 11:24:46.444 [main] INFO  org.hibernate.orm.jpa - HHH008540: Processing PersistenceUnitInfo [name: default]
2026-06-18 11:24:46.566 [main] INFO  org.hibernate.orm.core - HHH000001: Hibernate ORM core version 7.2.1.Final
2026-06-18 11:24:47.530 [main] INFO  o.s.o.j.p.SpringPersistenceUnitInfo - No LoadTimeWeaver setup: ignoring JPA class transformer
2026-06-18 11:24:47.603 [main] INFO  com.zaxxer.hikari.HikariDataSource - HikariPool-1 - Starting...
2026-06-18 11:24:47.804 [main] INFO  com.zaxxer.hikari.pool.HikariPool - HikariPool-1 - Added connection org.mariadb.jdbc.Connection@5aac6f9f
2026-06-18 11:24:47.807 [main] INFO  com.zaxxer.hikari.HikariDataSource - HikariPool-1 - Start completed.
2026-06-18 11:24:47.901 [main] INFO  o.hibernate.orm.connections.pooling - HHH10001005: Database info:
	Database JDBC URL [jdbc:mariadb://localhost/exchange?user=perudeim&password=***]
	Database driver: MariaDB Connector/J
	Database dialect: MariaDBDialect
	Database version: 11.7.2
	Default catalog/schema: exchange/undefined
	Autocommit mode: undefined/unknown
	Isolation level: REPEATABLE_READ [default REPEATABLE_READ]
	JDBC fetch size: none
	Pool: DataSourceConnectionProvider
	Minimum pool size: undefined/unknown
	Maximum pool size: undefined/unknown
2026-06-18 11:24:49.736 [main] INFO  org.hibernate.orm.core - HHH000489: No JTA platform available (set 'hibernate.transaction.jta.platform' to enable JTA platform integration)
2026-06-18 11:24:49.744 [main] INFO  org.hibernate.orm.jdbc.batch - HHH100501: Automatic JDBC statement batching enabled (maximum batch size 1000)
2026-06-18 11:24:50.157 [main] INFO  o.s.o.j.LocalContainerEntityManagerFactoryBean - Initialized JPA EntityManagerFactory for persistence unit 'default'
2026-06-18 11:24:50.301 [main] INFO  o.s.d.j.r.q.QueryEnhancerFactories - Hibernate is in classpath; If applicable, HQL parser will be used.
2026-06-18 11:24:51.617 [main] INFO  c.m.e.scheduler.RateHistoryScheduler - 서버 시작 시 최근 환율 데이터 저장 시작
2026-06-18 11:24:52.779 [main] INFO  c.m.e.s.RateHistoryImportService - 환율 데이터 수집 완료. currencyCode=USD, days=7
2026-06-18 11:24:52.968 [main] INFO  c.m.e.s.RateHistoryImportService - 환율 데이터 수집 완료. currencyCode=JPY, days=7
2026-06-18 11:24:53.230 [main] INFO  c.m.e.s.RateHistoryImportService - 환율 데이터 수집 완료. currencyCode=EUR, days=7
2026-06-18 11:24:53.510 [main] INFO  c.m.e.s.RateHistoryImportService - 환율 데이터 수집 완료. currencyCode=CNY, days=7
2026-06-18 11:24:53.735 [main] INFO  c.m.e.s.RateHistoryImportService - 환율 데이터 수집 완료. currencyCode=GBP, days=7
2026-06-18 11:24:53.924 [main] INFO  c.m.e.s.RateHistoryImportService - 환율 데이터 수집 완료. currencyCode=AUD, days=7
2026-06-18 11:24:54.085 [main] INFO  c.m.e.s.RateHistoryImportService - 환율 데이터 수집 완료. currencyCode=CAD, days=7
2026-06-18 11:24:54.266 [main] INFO  c.m.e.s.RateHistoryImportService - 환율 데이터 수집 완료. currencyCode=CHF, days=7
2026-06-18 11:24:54.391 [main] INFO  c.m.e.s.RateHistoryImportService - 환율 데이터 수집 완료. currencyCode=HKD, days=7
2026-06-18 11:24:54.553 [main] INFO  c.m.e.s.RateHistoryImportService - 환율 데이터 수집 완료. currencyCode=SGD, days=7
2026-06-18 11:24:54.741 [main] INFO  c.m.e.s.RateHistoryImportService - 환율 데이터 수집 완료. currencyCode=THB, days=7
2026-06-18 11:24:54.902 [main] INFO  c.m.e.s.RateHistoryImportService - 환율 데이터 수집 완료. currencyCode=MYR, days=7
2026-06-18 11:24:55.104 [main] INFO  c.m.e.s.RateHistoryImportService - 환율 데이터 수집 완료. currencyCode=IDR, days=7
2026-06-18 11:24:55.458 [main] INFO  c.m.e.s.RateHistoryImportService - 환율 데이터 수집 완료. currencyCode=PHP, days=7
2026-06-18 11:24:55.725 [main] INFO  c.m.e.s.RateHistoryImportService - 환율 데이터 수집 완료. currencyCode=VND, days=7
2026-06-18 11:24:55.909 [main] INFO  c.m.e.s.RateHistoryImportService - 환율 데이터 수집 완료. currencyCode=TWD, days=7
2026-06-18 11:24:56.110 [main] INFO  c.m.e.s.RateHistoryImportService - 환율 데이터 수집 완료. currencyCode=NZD, days=7
2026-06-18 11:24:56.421 [main] INFO  c.m.e.s.RateHistoryImportService - 환율 데이터 수집 완료. currencyCode=SEK, days=7
2026-06-18 11:24:56.726 [main] INFO  c.m.e.s.RateHistoryImportService - 환율 데이터 수집 완료. currencyCode=NOK, days=7
2026-06-18 11:24:57.011 [main] INFO  c.m.e.s.RateHistoryImportService - 환율 데이터 수집 완료. currencyCode=DKK, days=7
2026-06-18 11:24:57.154 [main] INFO  c.m.e.s.RateHistoryImportService - 환율 데이터 수집 완료. currencyCode=AED, days=7
2026-06-18 11:24:57.339 [main] INFO  c.m.e.s.RateHistoryImportService - 환율 데이터 수집 완료. currencyCode=SAR, days=7
2026-06-18 11:24:57.648 [main] INFO  c.m.e.s.RateHistoryImportService - 환율 데이터 수집 완료. currencyCode=KWD, days=7
2026-06-18 11:24:57.926 [main] INFO  c.m.e.s.RateHistoryImportService - 환율 데이터 수집 완료. currencyCode=BHD, days=7
2026-06-18 11:24:57.926 [main] INFO  c.m.e.s.RateHistoryImportService - 최근 환율 데이터 수집 종료. days=7
2026-06-18 11:24:57.930 [main] INFO  c.m.e.scheduler.RateHistoryScheduler - 서버 시작 시 최근 환율 데이터 저장 완료
2026-06-18 11:24:58.615 [main] WARN  o.s.b.j.a.JpaBaseConfiguration$JpaWebConfiguration - spring.jpa.open-in-view is enabled by default. Therefore, database queries may be performed during view rendering. Explicitly configure spring.jpa.open-in-view to disable this warning
2026-06-18 11:24:59.240 [main] INFO  o.a.coyote.http11.Http11NioProtocol - Starting ProtocolHandler ["http-nio-8080"]
2026-06-18 11:24:59.305 [main] INFO  o.s.boot.tomcat.TomcatWebServer - Tomcat started on port 8080 (http) with context path '/'
2026-06-18 11:24:59.324 [main] INFO  com.money.ExchangeApplication - Started ExchangeApplication in 17.482 seconds (process running for 18.287)
2026-06-18 11:25:26.217 [http-nio-8080-exec-1] INFO  o.a.c.c.C.[Tomcat].[localhost].[/] - Initializing Spring DispatcherServlet 'dispatcherServlet'
2026-06-18 11:25:26.217 [http-nio-8080-exec-1] INFO  o.s.web.servlet.DispatcherServlet - Initializing Servlet 'dispatcherServlet'
2026-06-18 11:25:26.219 [http-nio-8080-exec-1] INFO  o.s.web.servlet.DispatcherServlet - Completed initialization in 1 ms
2026-06-18 11:25:26.285 [http-nio-8080-exec-1] INFO  c.m.f.s.FlightOptionSeedService - 항공권 범위 생성 시작 : 2026-06-01 ~ 2026-07-01
2026-06-18 11:25:27.124 [http-nio-8080-exec-1] INFO  c.m.f.s.FlightOptionSeedService - 항공권 생성 중 날짜 : 2026-06-01
2026-06-18 11:25:29.467 [http-nio-8080-exec-1] INFO  c.m.f.s.FlightOptionSeedService - 항공권 batch 저장 완료 : 1021건 
2026-06-18 11:25:29.469 [http-nio-8080-exec-1] INFO  c.m.f.s.FlightOptionSeedService - 항공권 생성 중 날짜 : 2026-06-02
2026-06-18 11:25:30.995 [http-nio-8080-exec-1] INFO  c.m.f.s.FlightOptionSeedService - 항공권 batch 저장 완료 : 1021건 
2026-06-18 11:25:30.996 [http-nio-8080-exec-1] INFO  c.m.f.s.FlightOptionSeedService - 항공권 생성 중 날짜 : 2026-06-03
2026-06-18 11:25:32.296 [http-nio-8080-exec-1] INFO  c.m.f.s.FlightOptionSeedService - 항공권 batch 저장 완료 : 1002건 
2026-06-18 11:25:32.299 [http-nio-8080-exec-1] INFO  c.m.f.s.FlightOptionSeedService - 항공권 생성 중 날짜 : 2026-06-04
2026-06-18 11:25:33.694 [http-nio-8080-exec-1] INFO  c.m.f.s.FlightOptionSeedService - 항공권 batch 저장 완료 : 1005건 
2026-06-18 11:25:33.696 [http-nio-8080-exec-1] INFO  c.m.f.s.FlightOptionSeedService - 항공권 생성 중 날짜 : 2026-06-05
2026-06-18 11:25:34.914 [http-nio-8080-exec-1] INFO  c.m.f.s.FlightOptionSeedService - 항공권 batch 저장 완료 : 1017건 
2026-06-18 11:25:34.920 [http-nio-8080-exec-1] INFO  c.m.f.s.FlightOptionSeedService - 항공권 생성 중 날짜 : 2026-06-06
2026-06-18 11:25:36.168 [http-nio-8080-exec-1] INFO  c.m.f.s.FlightOptionSeedService - 항공권 batch 저장 완료 : 1036건 
2026-06-18 11:25:36.171 [http-nio-8080-exec-1] INFO  c.m.f.s.FlightOptionSeedService - 항공권 생성 중 날짜 : 2026-06-07
2026-06-18 11:25:37.281 [http-nio-8080-exec-1] INFO  c.m.f.s.FlightOptionSeedService - 항공권 batch 저장 완료 : 1018건 
2026-06-18 11:25:37.286 [http-nio-8080-exec-1] INFO  c.m.f.s.FlightOptionSeedService - 항공권 생성 중 날짜 : 2026-06-08
2026-06-18 11:25:38.394 [http-nio-8080-exec-1] INFO  c.m.f.s.FlightOptionSeedService - 항공권 batch 저장 완료 : 1003건 
2026-06-18 11:25:38.397 [http-nio-8080-exec-1] INFO  c.m.f.s.FlightOptionSeedService - 항공권 생성 중 날짜 : 2026-06-09
2026-06-18 11:25:39.502 [http-nio-8080-exec-1] INFO  c.m.f.s.FlightOptionSeedService - 항공권 batch 저장 완료 : 1000건 
2026-06-18 11:25:39.505 [http-nio-8080-exec-1] INFO  c.m.f.s.FlightOptionSeedService - 항공권 생성 중 날짜 : 2026-06-10
2026-06-18 11:25:40.576 [http-nio-8080-exec-1] INFO  c.m.f.s.FlightOptionSeedService - 항공권 batch 저장 완료 : 1009건 
2026-06-18 11:25:41.822 [http-nio-8080-exec-1] INFO  c.m.f.s.FlightOptionSeedService - 항공권 batch 저장 완료 : 1031건 
2026-06-18 11:25:41.823 [http-nio-8080-exec-1] INFO  c.m.f.s.FlightOptionSeedService - 항공권 생성 중 날짜 : 2026-06-11
2026-06-18 11:25:42.904 [http-nio-8080-exec-1] INFO  c.m.f.s.FlightOptionSeedService - 항공권 batch 저장 완료 : 1008건 
2026-06-18 11:25:42.906 [http-nio-8080-exec-1] INFO  c.m.f.s.FlightOptionSeedService - 항공권 생성 중 날짜 : 2026-06-12
2026-06-18 11:25:43.986 [http-nio-8080-exec-1] INFO  c.m.f.s.FlightOptionSeedService - 항공권 batch 저장 완료 : 1001건 
2026-06-18 11:25:43.987 [http-nio-8080-exec-1] INFO  c.m.f.s.FlightOptionSeedService - 항공권 생성 중 날짜 : 2026-06-13
2026-06-18 11:25:45.059 [http-nio-8080-exec-1] INFO  c.m.f.s.FlightOptionSeedService - 항공권 batch 저장 완료 : 1014건 
2026-06-18 11:25:45.060 [http-nio-8080-exec-1] INFO  c.m.f.s.FlightOptionSeedService - 항공권 생성 중 날짜 : 2026-06-14
2026-06-18 11:25:46.176 [http-nio-8080-exec-1] INFO  c.m.f.s.FlightOptionSeedService - 항공권 batch 저장 완료 : 1009건 
2026-06-18 11:25:46.178 [http-nio-8080-exec-1] INFO  c.m.f.s.FlightOptionSeedService - 항공권 생성 중 날짜 : 2026-06-15
2026-06-18 11:25:47.217 [http-nio-8080-exec-1] INFO  c.m.f.s.FlightOptionSeedService - 항공권 batch 저장 완료 : 1003건 
2026-06-18 11:25:47.219 [http-nio-8080-exec-1] INFO  c.m.f.s.FlightOptionSeedService - 항공권 생성 중 날짜 : 2026-06-16
2026-06-18 11:25:48.299 [http-nio-8080-exec-1] INFO  c.m.f.s.FlightOptionSeedService - 항공권 batch 저장 완료 : 1007건 
2026-06-18 11:25:48.301 [http-nio-8080-exec-1] INFO  c.m.f.s.FlightOptionSeedService - 항공권 생성 중 날짜 : 2026-06-17
2026-06-18 11:25:49.378 [http-nio-8080-exec-1] INFO  c.m.f.s.FlightOptionSeedService - 항공권 batch 저장 완료 : 1019건 
2026-06-18 11:25:49.380 [http-nio-8080-exec-1] INFO  c.m.f.s.FlightOptionSeedService - 항공권 생성 중 날짜 : 2026-06-18
2026-06-18 11:25:50.490 [http-nio-8080-exec-1] INFO  c.m.f.s.FlightOptionSeedService - 항공권 batch 저장 완료 : 1010건 
2026-06-18 11:25:51.575 [http-nio-8080-exec-1] INFO  c.m.f.s.FlightOptionSeedService - 항공권 batch 저장 완료 : 1021건 
2026-06-18 11:25:51.576 [http-nio-8080-exec-1] INFO  c.m.f.s.FlightOptionSeedService - 항공권 생성 중 날짜 : 2026-06-19
2026-06-18 11:25:52.583 [http-nio-8080-exec-1] INFO  c.m.f.s.FlightOptionSeedService - 항공권 batch 저장 완료 : 1004건 
2026-06-18 11:25:52.584 [http-nio-8080-exec-1] INFO  c.m.f.s.FlightOptionSeedService - 항공권 생성 중 날짜 : 2026-06-20
2026-06-18 11:25:53.660 [http-nio-8080-exec-1] INFO  c.m.f.s.FlightOptionSeedService - 항공권 batch 저장 완료 : 1007건 
2026-06-18 11:25:53.662 [http-nio-8080-exec-1] INFO  c.m.f.s.FlightOptionSeedService - 항공권 생성 중 날짜 : 2026-06-21
2026-06-18 11:25:54.723 [http-nio-8080-exec-1] INFO  c.m.f.s.FlightOptionSeedService - 항공권 batch 저장 완료 : 1012건 
2026-06-18 11:25:54.724 [http-nio-8080-exec-1] INFO  c.m.f.s.FlightOptionSeedService - 항공권 생성 중 날짜 : 2026-06-22
2026-06-18 11:25:55.777 [http-nio-8080-exec-1] INFO  c.m.f.s.FlightOptionSeedService - 항공권 batch 저장 완료 : 1009건 
2026-06-18 11:25:55.778 [http-nio-8080-exec-1] INFO  c.m.f.s.FlightOptionSeedService - 항공권 생성 중 날짜 : 2026-06-23
2026-06-18 11:25:56.901 [http-nio-8080-exec-1] INFO  c.m.f.s.FlightOptionSeedService - 항공권 batch 저장 완료 : 1005건 
2026-06-18 11:25:56.902 [http-nio-8080-exec-1] INFO  c.m.f.s.FlightOptionSeedService - 항공권 생성 중 날짜 : 2026-06-24
2026-06-18 11:25:57.908 [http-nio-8080-exec-1] INFO  c.m.f.s.FlightOptionSeedService - 항공권 batch 저장 완료 : 1014건 
2026-06-18 11:25:57.910 [http-nio-8080-exec-1] INFO  c.m.f.s.FlightOptionSeedService - 항공권 생성 중 날짜 : 2026-06-25
2026-06-18 11:25:58.932 [http-nio-8080-exec-1] INFO  c.m.f.s.FlightOptionSeedService - 항공권 batch 저장 완료 : 1000건 
2026-06-18 11:25:58.933 [http-nio-8080-exec-1] INFO  c.m.f.s.FlightOptionSeedService - 항공권 생성 중 날짜 : 2026-06-26
2026-06-18 11:25:59.989 [http-nio-8080-exec-1] INFO  c.m.f.s.FlightOptionSeedService - 항공권 batch 저장 완료 : 1002건 
2026-06-18 11:25:59.990 [http-nio-8080-exec-1] INFO  c.m.f.s.FlightOptionSeedService - 항공권 생성 중 날짜 : 2026-06-27
2026-06-18 11:26:01.105 [http-nio-8080-exec-1] INFO  c.m.f.s.FlightOptionSeedService - 항공권 batch 저장 완료 : 1016건 
2026-06-18 11:26:02.258 [http-nio-8080-exec-1] INFO  c.m.f.s.FlightOptionSeedService - 항공권 batch 저장 완료 : 1011건 
2026-06-18 11:26:02.258 [http-nio-8080-exec-1] INFO  c.m.f.s.FlightOptionSeedService - 항공권 생성 중 날짜 : 2026-06-28
2026-06-18 11:26:03.380 [http-nio-8080-exec-1] INFO  c.m.f.s.FlightOptionSeedService - 항공권 batch 저장 완료 : 1011건 
2026-06-18 11:26:03.381 [http-nio-8080-exec-1] INFO  c.m.f.s.FlightOptionSeedService - 항공권 생성 중 날짜 : 2026-06-29
2026-06-18 11:26:04.478 [http-nio-8080-exec-1] INFO  c.m.f.s.FlightOptionSeedService - 항공권 batch 저장 완료 : 1013건 
2026-06-18 11:26:04.478 [http-nio-8080-exec-1] INFO  c.m.f.s.FlightOptionSeedService - 항공권 생성 중 날짜 : 2026-06-30
2026-06-18 11:26:05.546 [http-nio-8080-exec-1] INFO  c.m.f.s.FlightOptionSeedService - 항공권 batch 저장 완료 : 1002건 
2026-06-18 11:26:05.547 [http-nio-8080-exec-1] INFO  c.m.f.s.FlightOptionSeedService - 항공권 생성 중 날짜 : 2026-07-01
2026-06-18 11:26:06.034 [http-nio-8080-exec-1] INFO  c.m.f.s.FlightOptionSeedService - 항공권 batch 저장 완료 : 384건 
2026-06-18 11:26:06.036 [http-nio-8080-exec-1] INFO  c.m.f.s.FlightOptionSeedService - 항공권 범위 생성 완료 : 2026-06-01 ~ 2026-07-01, 생성 건수: 33745
2026-06-18 11:30:50.468 [http-nio-8080-exec-5] INFO  c.m.f.s.FlightOptionSeedService - 항공권 범위 생성 시작 : 2026-05-01 ~ 2026-06-01
2026-06-18 11:30:50.795 [http-nio-8080-exec-5] INFO  c.m.f.s.FlightOptionSeedService - 항공권 생성 중 날짜 : 2026-05-01
2026-06-18 11:30:51.998 [http-nio-8080-exec-5] INFO  c.m.f.s.FlightOptionSeedService - 항공권 batch 저장 완료 : 1007건 
2026-06-18 11:30:51.999 [http-nio-8080-exec-5] INFO  c.m.f.s.FlightOptionSeedService - 항공권 생성 중 날짜 : 2026-05-02
2026-06-18 11:30:53.142 [http-nio-8080-exec-5] INFO  c.m.f.s.FlightOptionSeedService - 항공권 batch 저장 완료 : 1002건 
2026-06-18 11:30:53.144 [http-nio-8080-exec-5] INFO  c.m.f.s.FlightOptionSeedService - 항공권 생성 중 날짜 : 2026-05-03
2026-06-18 11:30:54.365 [http-nio-8080-exec-5] INFO  c.m.f.s.FlightOptionSeedService - 항공권 batch 저장 완료 : 1012건 
2026-06-18 11:30:54.366 [http-nio-8080-exec-5] INFO  c.m.f.s.FlightOptionSeedService - 항공권 생성 중 날짜 : 2026-05-04
2026-06-18 11:30:55.464 [http-nio-8080-exec-5] INFO  c.m.f.s.FlightOptionSeedService - 항공권 batch 저장 완료 : 1014건 
2026-06-18 11:30:55.465 [http-nio-8080-exec-5] INFO  c.m.f.s.FlightOptionSeedService - 항공권 생성 중 날짜 : 2026-05-05
2026-06-18 11:30:56.700 [http-nio-8080-exec-5] INFO  c.m.f.s.FlightOptionSeedService - 항공권 batch 저장 완료 : 1000건 
2026-06-18 11:30:56.701 [http-nio-8080-exec-5] INFO  c.m.f.s.FlightOptionSeedService - 항공권 생성 중 날짜 : 2026-05-06
2026-06-18 11:30:57.820 [http-nio-8080-exec-5] INFO  c.m.f.s.FlightOptionSeedService - 항공권 batch 저장 완료 : 1002건 
2026-06-18 11:30:57.822 [http-nio-8080-exec-5] INFO  c.m.f.s.FlightOptionSeedService - 항공권 생성 중 날짜 : 2026-05-07
2026-06-18 11:30:58.892 [http-nio-8080-exec-5] INFO  c.m.f.s.FlightOptionSeedService - 항공권 batch 저장 완료 : 1029건 
2026-06-18 11:30:58.894 [http-nio-8080-exec-5] INFO  c.m.f.s.FlightOptionSeedService - 항공권 생성 중 날짜 : 2026-05-08
2026-06-18 11:30:59.918 [http-nio-8080-exec-5] INFO  c.m.f.s.FlightOptionSeedService - 항공권 batch 저장 완료 : 1010건 
2026-06-18 11:30:59.920 [http-nio-8080-exec-5] INFO  c.m.f.s.FlightOptionSeedService - 항공권 생성 중 날짜 : 2026-05-09
2026-06-18 11:31:01.002 [http-nio-8080-exec-5] INFO  c.m.f.s.FlightOptionSeedService - 항공권 batch 저장 완료 : 1000건 
2026-06-18 11:31:01.004 [http-nio-8080-exec-5] INFO  c.m.f.s.FlightOptionSeedService - 항공권 생성 중 날짜 : 2026-05-10
2026-06-18 11:31:02.151 [http-nio-8080-exec-5] INFO  c.m.f.s.FlightOptionSeedService - 항공권 batch 저장 완료 : 1011건 
2026-06-18 11:31:03.219 [http-nio-8080-exec-5] INFO  c.m.f.s.FlightOptionSeedService - 항공권 batch 저장 완료 : 1012건 
2026-06-18 11:31:03.220 [http-nio-8080-exec-5] INFO  c.m.f.s.FlightOptionSeedService - 항공권 생성 중 날짜 : 2026-05-11
2026-06-18 11:31:04.237 [http-nio-8080-exec-5] INFO  c.m.f.s.FlightOptionSeedService - 항공권 batch 저장 완료 : 1010건 
2026-06-18 11:31:04.237 [http-nio-8080-exec-5] INFO  c.m.f.s.FlightOptionSeedService - 항공권 생성 중 날짜 : 2026-05-12
2026-06-18 11:31:05.290 [http-nio-8080-exec-5] INFO  c.m.f.s.FlightOptionSeedService - 항공권 batch 저장 완료 : 1007건 
2026-06-18 11:31:05.291 [http-nio-8080-exec-5] INFO  c.m.f.s.FlightOptionSeedService - 항공권 생성 중 날짜 : 2026-05-13
2026-06-18 11:31:06.387 [http-nio-8080-exec-5] INFO  c.m.f.s.FlightOptionSeedService - 항공권 batch 저장 완료 : 1017건 
2026-06-18 11:31:06.388 [http-nio-8080-exec-5] INFO  c.m.f.s.FlightOptionSeedService - 항공권 생성 중 날짜 : 2026-05-14
2026-06-18 11:31:07.462 [http-nio-8080-exec-5] INFO  c.m.f.s.FlightOptionSeedService - 항공권 batch 저장 완료 : 1014건 
2026-06-18 11:31:07.463 [http-nio-8080-exec-5] INFO  c.m.f.s.FlightOptionSeedService - 항공권 생성 중 날짜 : 2026-05-15
2026-06-18 11:31:08.570 [http-nio-8080-exec-5] INFO  c.m.f.s.FlightOptionSeedService - 항공권 batch 저장 완료 : 1024건 
2026-06-18 11:31:08.571 [http-nio-8080-exec-5] INFO  c.m.f.s.FlightOptionSeedService - 항공권 생성 중 날짜 : 2026-05-16
2026-06-18 11:31:09.643 [http-nio-8080-exec-5] INFO  c.m.f.s.FlightOptionSeedService - 항공권 batch 저장 완료 : 1013건 
2026-06-18 11:31:09.645 [http-nio-8080-exec-5] INFO  c.m.f.s.FlightOptionSeedService - 항공권 생성 중 날짜 : 2026-05-17
2026-06-18 11:31:10.673 [http-nio-8080-exec-5] INFO  c.m.f.s.FlightOptionSeedService - 항공권 batch 저장 완료 : 1001건 
2026-06-18 11:31:10.674 [http-nio-8080-exec-5] INFO  c.m.f.s.FlightOptionSeedService - 항공권 생성 중 날짜 : 2026-05-18
2026-06-18 11:31:11.821 [http-nio-8080-exec-5] INFO  c.m.f.s.FlightOptionSeedService - 항공권 batch 저장 완료 : 1011건 
2026-06-18 11:31:12.889 [http-nio-8080-exec-5] INFO  c.m.f.s.FlightOptionSeedService - 항공권 batch 저장 완료 : 1012건 
2026-06-18 11:31:12.890 [http-nio-8080-exec-5] INFO  c.m.f.s.FlightOptionSeedService - 항공권 생성 중 날짜 : 2026-05-19
2026-06-18 11:31:13.952 [http-nio-8080-exec-5] INFO  c.m.f.s.FlightOptionSeedService - 항공권 batch 저장 완료 : 1008건 
2026-06-18 11:31:13.953 [http-nio-8080-exec-5] INFO  c.m.f.s.FlightOptionSeedService - 항공권 생성 중 날짜 : 2026-05-20
2026-06-18 11:31:15.084 [http-nio-8080-exec-5] INFO  c.m.f.s.FlightOptionSeedService - 항공권 batch 저장 완료 : 1011건 
2026-06-18 11:31:15.085 [http-nio-8080-exec-5] INFO  c.m.f.s.FlightOptionSeedService - 항공권 생성 중 날짜 : 2026-05-21
2026-06-18 11:31:16.119 [http-nio-8080-exec-5] INFO  c.m.f.s.FlightOptionSeedService - 항공권 batch 저장 완료 : 1011건 
2026-06-18 11:31:16.121 [http-nio-8080-exec-5] INFO  c.m.f.s.FlightOptionSeedService - 항공권 생성 중 날짜 : 2026-05-22
2026-06-18 11:31:17.190 [http-nio-8080-exec-5] INFO  c.m.f.s.FlightOptionSeedService - 항공권 batch 저장 완료 : 1012건 
2026-06-18 11:31:17.191 [http-nio-8080-exec-5] INFO  c.m.f.s.FlightOptionSeedService - 항공권 생성 중 날짜 : 2026-05-23
2026-06-18 11:31:18.294 [http-nio-8080-exec-5] INFO  c.m.f.s.FlightOptionSeedService - 항공권 batch 저장 완료 : 1015건 
2026-06-18 11:31:18.295 [http-nio-8080-exec-5] INFO  c.m.f.s.FlightOptionSeedService - 항공권 생성 중 날짜 : 2026-05-24
2026-06-18 11:31:19.295 [http-nio-8080-exec-5] INFO  c.m.f.s.FlightOptionSeedService - 항공권 batch 저장 완료 : 1000건 
2026-06-18 11:31:19.296 [http-nio-8080-exec-5] INFO  c.m.f.s.FlightOptionSeedService - 항공권 생성 중 날짜 : 2026-05-25
2026-06-18 11:31:20.306 [http-nio-8080-exec-5] INFO  c.m.f.s.FlightOptionSeedService - 항공권 batch 저장 완료 : 1003건 
2026-06-18 11:31:20.307 [http-nio-8080-exec-5] INFO  c.m.f.s.FlightOptionSeedService - 항공권 생성 중 날짜 : 2026-05-26
2026-06-18 11:31:21.414 [http-nio-8080-exec-5] INFO  c.m.f.s.FlightOptionSeedService - 항공권 batch 저장 완료 : 1003건 
2026-06-18 11:31:21.416 [http-nio-8080-exec-5] INFO  c.m.f.s.FlightOptionSeedService - 항공권 생성 중 날짜 : 2026-05-27
2026-06-18 11:31:22.484 [http-nio-8080-exec-5] INFO  c.m.f.s.FlightOptionSeedService - 항공권 batch 저장 완료 : 1000건 
2026-06-18 11:31:23.494 [http-nio-8080-exec-5] INFO  c.m.f.s.FlightOptionSeedService - 항공권 batch 저장 완료 : 1021건 
2026-06-18 11:31:23.494 [http-nio-8080-exec-5] INFO  c.m.f.s.FlightOptionSeedService - 항공권 생성 중 날짜 : 2026-05-28
2026-06-18 11:31:24.585 [http-nio-8080-exec-5] INFO  c.m.f.s.FlightOptionSeedService - 항공권 batch 저장 완료 : 1014건 
2026-06-18 11:31:24.586 [http-nio-8080-exec-5] INFO  c.m.f.s.FlightOptionSeedService - 항공권 생성 중 날짜 : 2026-05-29
2026-06-18 11:31:25.573 [http-nio-8080-exec-5] INFO  c.m.f.s.FlightOptionSeedService - 항공권 batch 저장 완료 : 1008건 
2026-06-18 11:31:25.574 [http-nio-8080-exec-5] INFO  c.m.f.s.FlightOptionSeedService - 항공권 생성 중 날짜 : 2026-05-30
2026-06-18 11:31:26.614 [http-nio-8080-exec-5] INFO  c.m.f.s.FlightOptionSeedService - 항공권 batch 저장 완료 : 1002건 
2026-06-18 11:31:26.615 [http-nio-8080-exec-5] INFO  c.m.f.s.FlightOptionSeedService - 항공권 생성 중 날짜 : 2026-05-31
2026-06-18 11:31:27.708 [http-nio-8080-exec-5] INFO  c.m.f.s.FlightOptionSeedService - 항공권 batch 저장 완료 : 1012건 
2026-06-18 11:31:27.712 [http-nio-8080-exec-5] INFO  c.m.f.s.FlightOptionSeedService - 항공권 생성 중 날짜 : 2026-06-01
2026-06-18 11:31:28.232 [http-nio-8080-exec-5] INFO  c.m.f.s.FlightOptionSeedService - 항공권 batch 저장 완료 : 497건 
2026-06-18 11:31:28.232 [http-nio-8080-exec-5] INFO  c.m.f.s.FlightOptionSeedService - 항공권 범위 생성 완료 : 2026-05-01 ~ 2026-06-01, 생성 건수: 34825
2026-06-18 11:36:30.109 [http-nio-8080-exec-8] INFO  c.m.f.s.FlightOptionSeedService - 항공권 범위 생성 시작 : 2026-04-01 ~ 2026-05-01
2026-06-18 11:36:30.443 [http-nio-8080-exec-8] INFO  c.m.f.s.FlightOptionSeedService - 항공권 생성 중 날짜 : 2026-04-01
2026-06-18 11:36:31.640 [http-nio-8080-exec-8] INFO  c.m.f.s.FlightOptionSeedService - 항공권 batch 저장 완료 : 1000건 
2026-06-18 11:36:31.641 [http-nio-8080-exec-8] INFO  c.m.f.s.FlightOptionSeedService - 항공권 생성 중 날짜 : 2026-04-02
2026-06-18 11:36:32.975 [http-nio-8080-exec-8] INFO  c.m.f.s.FlightOptionSeedService - 항공권 batch 저장 완료 : 1011건 
2026-06-18 11:36:32.976 [http-nio-8080-exec-8] INFO  c.m.f.s.FlightOptionSeedService - 항공권 생성 중 날짜 : 2026-04-03
2026-06-18 11:36:34.384 [http-nio-8080-exec-8] INFO  c.m.f.s.FlightOptionSeedService - 항공권 batch 저장 완료 : 1003건 
2026-06-18 11:36:34.385 [http-nio-8080-exec-8] INFO  c.m.f.s.FlightOptionSeedService - 항공권 생성 중 날짜 : 2026-04-04
2026-06-18 11:36:35.507 [http-nio-8080-exec-8] INFO  c.m.f.s.FlightOptionSeedService - 항공권 batch 저장 완료 : 1004건 
2026-06-18 11:36:35.508 [http-nio-8080-exec-8] INFO  c.m.f.s.FlightOptionSeedService - 항공권 생성 중 날짜 : 2026-04-05
2026-06-18 11:36:36.904 [http-nio-8080-exec-8] INFO  c.m.f.s.FlightOptionSeedService - 항공권 batch 저장 완료 : 1017건 
2026-06-18 11:36:36.905 [http-nio-8080-exec-8] INFO  c.m.f.s.FlightOptionSeedService - 항공권 생성 중 날짜 : 2026-04-06
2026-06-18 11:36:38.200 [http-nio-8080-exec-8] INFO  c.m.f.s.FlightOptionSeedService - 항공권 batch 저장 완료 : 1022건 
2026-06-18 11:36:38.201 [http-nio-8080-exec-8] INFO  c.m.f.s.FlightOptionSeedService - 항공권 생성 중 날짜 : 2026-04-07
2026-06-18 11:36:39.497 [http-nio-8080-exec-8] INFO  c.m.f.s.FlightOptionSeedService - 항공권 batch 저장 완료 : 1016건 
2026-06-18 11:36:39.498 [http-nio-8080-exec-8] INFO  c.m.f.s.FlightOptionSeedService - 항공권 생성 중 날짜 : 2026-04-08
2026-06-18 11:36:40.555 [http-nio-8080-exec-8] INFO  c.m.f.s.FlightOptionSeedService - 항공권 batch 저장 완료 : 1012건 
2026-06-18 11:36:40.557 [http-nio-8080-exec-8] INFO  c.m.f.s.FlightOptionSeedService - 항공권 생성 중 날짜 : 2026-04-09
2026-06-18 11:36:41.711 [http-nio-8080-exec-8] INFO  c.m.f.s.FlightOptionSeedService - 항공권 batch 저장 완료 : 1016건 
2026-06-18 11:36:41.713 [http-nio-8080-exec-8] INFO  c.m.f.s.FlightOptionSeedService - 항공권 생성 중 날짜 : 2026-04-10
2026-06-18 11:36:42.769 [http-nio-8080-exec-8] INFO  c.m.f.s.FlightOptionSeedService - 항공권 batch 저장 완료 : 1016건 
2026-06-18 11:36:43.773 [http-nio-8080-exec-8] INFO  c.m.f.s.FlightOptionSeedService - 항공권 batch 저장 완료 : 1029건 
2026-06-18 11:36:43.774 [http-nio-8080-exec-8] INFO  c.m.f.s.FlightOptionSeedService - 항공권 생성 중 날짜 : 2026-04-11
2026-06-18 11:36:44.841 [http-nio-8080-exec-8] INFO  c.m.f.s.FlightOptionSeedService - 항공권 batch 저장 완료 : 1020건 
2026-06-18 11:36:44.842 [http-nio-8080-exec-8] INFO  c.m.f.s.FlightOptionSeedService - 항공권 생성 중 날짜 : 2026-04-12
2026-06-18 11:36:45.780 [http-nio-8080-exec-8] INFO  c.m.f.s.FlightOptionSeedService - 항공권 batch 저장 완료 : 1005건 
2026-06-18 11:36:45.781 [http-nio-8080-exec-8] INFO  c.m.f.s.FlightOptionSeedService - 항공권 생성 중 날짜 : 2026-04-13
2026-06-18 11:36:46.731 [http-nio-8080-exec-8] INFO  c.m.f.s.FlightOptionSeedService - 항공권 batch 저장 완료 : 1008건 
2026-06-18 11:36:46.732 [http-nio-8080-exec-8] INFO  c.m.f.s.FlightOptionSeedService - 항공권 생성 중 날짜 : 2026-04-14
2026-06-18 11:36:47.748 [http-nio-8080-exec-8] INFO  c.m.f.s.FlightOptionSeedService - 항공권 batch 저장 완료 : 1004건 
2026-06-18 11:36:47.749 [http-nio-8080-exec-8] INFO  c.m.f.s.FlightOptionSeedService - 항공권 생성 중 날짜 : 2026-04-15
2026-06-18 11:36:48.728 [http-nio-8080-exec-8] INFO  c.m.f.s.FlightOptionSeedService - 항공권 batch 저장 완료 : 1037건 
2026-06-18 11:36:48.730 [http-nio-8080-exec-8] INFO  c.m.f.s.FlightOptionSeedService - 항공권 생성 중 날짜 : 2026-04-16
2026-06-18 11:36:49.697 [http-nio-8080-exec-8] INFO  c.m.f.s.FlightOptionSeedService - 항공권 batch 저장 완료 : 1008건 
2026-06-18 11:36:49.698 [http-nio-8080-exec-8] INFO  c.m.f.s.FlightOptionSeedService - 항공권 생성 중 날짜 : 2026-04-17
2026-06-18 11:36:50.644 [http-nio-8080-exec-8] INFO  c.m.f.s.FlightOptionSeedService - 항공권 batch 저장 완료 : 1013건 
2026-06-18 11:36:50.646 [http-nio-8080-exec-8] INFO  c.m.f.s.FlightOptionSeedService - 항공권 생성 중 날짜 : 2026-04-18
2026-06-18 11:36:51.700 [http-nio-8080-exec-8] INFO  c.m.f.s.FlightOptionSeedService - 항공권 batch 저장 완료 : 1004건 
2026-06-18 11:36:52.668 [http-nio-8080-exec-8] INFO  c.m.f.s.FlightOptionSeedService - 항공권 batch 저장 완료 : 1026건 
2026-06-18 11:36:52.668 [http-nio-8080-exec-8] INFO  c.m.f.s.FlightOptionSeedService - 항공권 생성 중 날짜 : 2026-04-19
2026-06-18 11:36:53.623 [http-nio-8080-exec-8] INFO  c.m.f.s.FlightOptionSeedService - 항공권 batch 저장 완료 : 1032건 
2026-06-18 11:36:53.624 [http-nio-8080-exec-8] INFO  c.m.f.s.FlightOptionSeedService - 항공권 생성 중 날짜 : 2026-04-20
2026-06-18 11:36:54.550 [http-nio-8080-exec-8] INFO  c.m.f.s.FlightOptionSeedService - 항공권 batch 저장 완료 : 1012건 
2026-06-18 11:36:54.551 [http-nio-8080-exec-8] INFO  c.m.f.s.FlightOptionSeedService - 항공권 생성 중 날짜 : 2026-04-21
2026-06-18 11:36:55.576 [http-nio-8080-exec-8] INFO  c.m.f.s.FlightOptionSeedService - 항공권 batch 저장 완료 : 1013건 
2026-06-18 11:36:55.577 [http-nio-8080-exec-8] INFO  c.m.f.s.FlightOptionSeedService - 항공권 생성 중 날짜 : 2026-04-22
2026-06-18 11:36:56.553 [http-nio-8080-exec-8] INFO  c.m.f.s.FlightOptionSeedService - 항공권 batch 저장 완료 : 1016건 
2026-06-18 11:36:56.553 [http-nio-8080-exec-8] INFO  c.m.f.s.FlightOptionSeedService - 항공권 생성 중 날짜 : 2026-04-23
2026-06-18 11:36:57.926 [http-nio-8080-exec-8] INFO  c.m.f.s.FlightOptionSeedService - 항공권 batch 저장 완료 : 1008건 
2026-06-18 11:36:57.927 [http-nio-8080-exec-8] INFO  c.m.f.s.FlightOptionSeedService - 항공권 생성 중 날짜 : 2026-04-24
2026-06-18 11:36:59.151 [http-nio-8080-exec-8] INFO  c.m.f.s.FlightOptionSeedService - 항공권 batch 저장 완료 : 1013건 
2026-06-18 11:36:59.152 [http-nio-8080-exec-8] INFO  c.m.f.s.FlightOptionSeedService - 항공권 생성 중 날짜 : 2026-04-25
2026-06-18 11:37:00.070 [http-nio-8080-exec-8] INFO  c.m.f.s.FlightOptionSeedService - 항공권 batch 저장 완료 : 1001건 
2026-06-18 11:37:00.071 [http-nio-8080-exec-8] INFO  c.m.f.s.FlightOptionSeedService - 항공권 생성 중 날짜 : 2026-04-26
2026-06-18 11:37:00.979 [http-nio-8080-exec-8] INFO  c.m.f.s.FlightOptionSeedService - 항공권 batch 저장 완료 : 1004건 
2026-06-18 11:37:00.981 [http-nio-8080-exec-8] INFO  c.m.f.s.FlightOptionSeedService - 항공권 생성 중 날짜 : 2026-04-27
2026-06-18 11:37:01.886 [http-nio-8080-exec-8] INFO  c.m.f.s.FlightOptionSeedService - 항공권 batch 저장 완료 : 1011건 
2026-06-18 11:37:02.872 [http-nio-8080-exec-8] INFO  c.m.f.s.FlightOptionSeedService - 항공권 batch 저장 완료 : 1021건 
2026-06-18 11:37:02.874 [http-nio-8080-exec-8] INFO  c.m.f.s.FlightOptionSeedService - 항공권 생성 중 날짜 : 2026-04-28
2026-06-18 11:37:03.792 [http-nio-8080-exec-8] INFO  c.m.f.s.FlightOptionSeedService - 항공권 batch 저장 완료 : 1034건 
2026-06-18 11:37:03.792 [http-nio-8080-exec-8] INFO  c.m.f.s.FlightOptionSeedService - 항공권 생성 중 날짜 : 2026-04-29
2026-06-18 11:37:04.707 [http-nio-8080-exec-8] INFO  c.m.f.s.FlightOptionSeedService - 항공권 batch 저장 완료 : 1019건 
2026-06-18 11:37:04.708 [http-nio-8080-exec-8] INFO  c.m.f.s.FlightOptionSeedService - 항공권 생성 중 날짜 : 2026-04-30
2026-06-18 11:37:05.607 [http-nio-8080-exec-8] INFO  c.m.f.s.FlightOptionSeedService - 항공권 batch 저장 완료 : 1001건 
2026-06-18 11:37:05.607 [http-nio-8080-exec-8] INFO  c.m.f.s.FlightOptionSeedService - 항공권 생성 중 날짜 : 2026-05-01
2026-06-18 11:37:05.931 [http-nio-8080-exec-8] INFO  c.m.f.s.FlightOptionSeedService - 항공권 batch 저장 완료 : 297건 
2026-06-18 11:37:05.931 [http-nio-8080-exec-8] INFO  c.m.f.s.FlightOptionSeedService - 항공권 범위 생성 완료 : 2026-04-01 ~ 2026-05-01, 생성 건수: 33753
2026-06-18 11:38:16.985 [http-nio-8080-exec-2] INFO  c.m.f.s.FlightOptionSeedService - 항공권 범위 생성 시작 : 2026-03-01 ~ 2026-04-01
2026-06-18 11:38:17.292 [http-nio-8080-exec-2] INFO  c.m.f.s.FlightOptionSeedService - 항공권 생성 중 날짜 : 2026-03-01
2026-06-18 11:38:18.393 [http-nio-8080-exec-2] INFO  c.m.f.s.FlightOptionSeedService - 항공권 batch 저장 완료 : 1016건 
2026-06-18 11:38:18.393 [http-nio-8080-exec-2] INFO  c.m.f.s.FlightOptionSeedService - 항공권 생성 중 날짜 : 2026-03-02
2026-06-18 11:38:19.362 [http-nio-8080-exec-2] INFO  c.m.f.s.FlightOptionSeedService - 항공권 batch 저장 완료 : 1006건 
2026-06-18 11:38:19.363 [http-nio-8080-exec-2] INFO  c.m.f.s.FlightOptionSeedService - 항공권 생성 중 날짜 : 2026-03-03
2026-06-18 11:38:20.287 [http-nio-8080-exec-2] INFO  c.m.f.s.FlightOptionSeedService - 항공권 batch 저장 완료 : 1016건 
2026-06-18 11:38:20.287 [http-nio-8080-exec-2] INFO  c.m.f.s.FlightOptionSeedService - 항공권 생성 중 날짜 : 2026-03-04
2026-06-18 11:38:21.253 [http-nio-8080-exec-2] INFO  c.m.f.s.FlightOptionSeedService - 항공권 batch 저장 완료 : 1012건 
2026-06-18 11:38:21.254 [http-nio-8080-exec-2] INFO  c.m.f.s.FlightOptionSeedService - 항공권 생성 중 날짜 : 2026-03-05
2026-06-18 11:38:22.111 [http-nio-8080-exec-2] INFO  c.m.f.s.FlightOptionSeedService - 항공권 batch 저장 완료 : 1011건 
2026-06-18 11:38:22.112 [http-nio-8080-exec-2] INFO  c.m.f.s.FlightOptionSeedService - 항공권 생성 중 날짜 : 2026-03-06
2026-06-18 11:38:22.985 [http-nio-8080-exec-2] INFO  c.m.f.s.FlightOptionSeedService - 항공권 batch 저장 완료 : 1028건 
2026-06-18 11:38:22.988 [http-nio-8080-exec-2] INFO  c.m.f.s.FlightOptionSeedService - 항공권 생성 중 날짜 : 2026-03-07
2026-06-18 11:38:23.857 [http-nio-8080-exec-2] INFO  c.m.f.s.FlightOptionSeedService - 항공권 batch 저장 완료 : 1013건 
2026-06-18 11:38:23.858 [http-nio-8080-exec-2] INFO  c.m.f.s.FlightOptionSeedService - 항공권 생성 중 날짜 : 2026-03-08
2026-06-18 11:38:24.803 [http-nio-8080-exec-2] INFO  c.m.f.s.FlightOptionSeedService - 항공권 batch 저장 완료 : 1013건 
2026-06-18 11:38:24.804 [http-nio-8080-exec-2] INFO  c.m.f.s.FlightOptionSeedService - 항공권 생성 중 날짜 : 2026-03-09
2026-06-18 11:38:25.720 [http-nio-8080-exec-2] INFO  c.m.f.s.FlightOptionSeedService - 항공권 batch 저장 완료 : 1005건 
2026-06-18 11:38:25.721 [http-nio-8080-exec-2] INFO  c.m.f.s.FlightOptionSeedService - 항공권 생성 중 날짜 : 2026-03-10
2026-06-18 11:38:26.594 [http-nio-8080-exec-2] INFO  c.m.f.s.FlightOptionSeedService - 항공권 batch 저장 완료 : 1009건 
2026-06-18 11:38:26.596 [http-nio-8080-exec-2] INFO  c.m.f.s.FlightOptionSeedService - 항공권 생성 중 날짜 : 2026-03-11
2026-06-18 11:38:27.482 [http-nio-8080-exec-2] INFO  c.m.f.s.FlightOptionSeedService - 항공권 batch 저장 완료 : 1010건 
2026-06-18 11:38:28.446 [http-nio-8080-exec-2] INFO  c.m.f.s.FlightOptionSeedService - 항공권 batch 저장 완료 : 1038건 
2026-06-18 11:38:28.446 [http-nio-8080-exec-2] INFO  c.m.f.s.FlightOptionSeedService - 항공권 생성 중 날짜 : 2026-03-12
2026-06-18 11:38:29.308 [http-nio-8080-exec-2] INFO  c.m.f.s.FlightOptionSeedService - 항공권 batch 저장 완료 : 1009건 
2026-06-18 11:38:29.309 [http-nio-8080-exec-2] INFO  c.m.f.s.FlightOptionSeedService - 항공권 생성 중 날짜 : 2026-03-13
2026-06-18 11:38:30.180 [http-nio-8080-exec-2] INFO  c.m.f.s.FlightOptionSeedService - 항공권 batch 저장 완료 : 1008건 
2026-06-18 11:38:30.181 [http-nio-8080-exec-2] INFO  c.m.f.s.FlightOptionSeedService - 항공권 생성 중 날짜 : 2026-03-14
2026-06-18 11:38:31.092 [http-nio-8080-exec-2] INFO  c.m.f.s.FlightOptionSeedService - 항공권 batch 저장 완료 : 1006건 
2026-06-18 11:38:31.093 [http-nio-8080-exec-2] INFO  c.m.f.s.FlightOptionSeedService - 항공권 생성 중 날짜 : 2026-03-15
2026-06-18 11:38:32.084 [http-nio-8080-exec-2] INFO  c.m.f.s.FlightOptionSeedService - 항공권 batch 저장 완료 : 1018건 
2026-06-18 11:38:32.085 [http-nio-8080-exec-2] INFO  c.m.f.s.FlightOptionSeedService - 항공권 생성 중 날짜 : 2026-03-16
2026-06-18 11:38:32.941 [http-nio-8080-exec-2] INFO  c.m.f.s.FlightOptionSeedService - 항공권 batch 저장 완료 : 1003건 
2026-06-18 11:38:32.942 [http-nio-8080-exec-2] INFO  c.m.f.s.FlightOptionSeedService - 항공권 생성 중 날짜 : 2026-03-17
2026-06-18 11:38:33.869 [http-nio-8080-exec-2] INFO  c.m.f.s.FlightOptionSeedService - 항공권 batch 저장 완료 : 1013건 
2026-06-18 11:38:33.871 [http-nio-8080-exec-2] INFO  c.m.f.s.FlightOptionSeedService - 항공권 생성 중 날짜 : 2026-03-18
2026-06-18 11:38:34.786 [http-nio-8080-exec-2] INFO  c.m.f.s.FlightOptionSeedService - 항공권 batch 저장 완료 : 1000건 
2026-06-18 11:38:34.788 [http-nio-8080-exec-2] INFO  c.m.f.s.FlightOptionSeedService - 항공권 생성 중 날짜 : 2026-03-19
2026-06-18 11:38:35.674 [http-nio-8080-exec-2] INFO  c.m.f.s.FlightOptionSeedService - 항공권 batch 저장 완료 : 1003건 
2026-06-18 11:38:36.577 [http-nio-8080-exec-2] INFO  c.m.f.s.FlightOptionSeedService - 항공권 batch 저장 완료 : 1015건 
2026-06-18 11:38:36.577 [http-nio-8080-exec-2] INFO  c.m.f.s.FlightOptionSeedService - 항공권 생성 중 날짜 : 2026-03-20
2026-06-18 11:38:37.454 [http-nio-8080-exec-2] INFO  c.m.f.s.FlightOptionSeedService - 항공권 batch 저장 완료 : 1005건 
2026-06-18 11:38:37.455 [http-nio-8080-exec-2] INFO  c.m.f.s.FlightOptionSeedService - 항공권 생성 중 날짜 : 2026-03-21
2026-06-18 11:38:38.386 [http-nio-8080-exec-2] INFO  c.m.f.s.FlightOptionSeedService - 항공권 batch 저장 완료 : 1001건 
2026-06-18 11:38:38.387 [http-nio-8080-exec-2] INFO  c.m.f.s.FlightOptionSeedService - 항공권 생성 중 날짜 : 2026-03-22
2026-06-18 11:38:39.249 [http-nio-8080-exec-2] INFO  c.m.f.s.FlightOptionSeedService - 항공권 batch 저장 완료 : 1002건 
2026-06-18 11:38:39.249 [http-nio-8080-exec-2] INFO  c.m.f.s.FlightOptionSeedService - 항공권 생성 중 날짜 : 2026-03-23
2026-06-18 11:38:40.133 [http-nio-8080-exec-2] INFO  c.m.f.s.FlightOptionSeedService - 항공권 batch 저장 완료 : 1020건 
2026-06-18 11:38:40.134 [http-nio-8080-exec-2] INFO  c.m.f.s.FlightOptionSeedService - 항공권 생성 중 날짜 : 2026-03-24
2026-06-18 11:38:40.997 [http-nio-8080-exec-2] INFO  c.m.f.s.FlightOptionSeedService - 항공권 batch 저장 완료 : 1023건 
2026-06-18 11:38:40.997 [http-nio-8080-exec-2] INFO  c.m.f.s.FlightOptionSeedService - 항공권 생성 중 날짜 : 2026-03-25
2026-06-18 11:38:41.908 [http-nio-8080-exec-2] INFO  c.m.f.s.FlightOptionSeedService - 항공권 batch 저장 완료 : 1013건 
2026-06-18 11:38:41.910 [http-nio-8080-exec-2] INFO  c.m.f.s.FlightOptionSeedService - 항공권 생성 중 날짜 : 2026-03-26
2026-06-18 11:38:42.784 [http-nio-8080-exec-2] INFO  c.m.f.s.FlightOptionSeedService - 항공권 batch 저장 완료 : 1015건 
2026-06-18 11:38:42.785 [http-nio-8080-exec-2] INFO  c.m.f.s.FlightOptionSeedService - 항공권 생성 중 날짜 : 2026-03-27
2026-06-18 11:38:43.796 [http-nio-8080-exec-2] INFO  c.m.f.s.FlightOptionSeedService - 항공권 batch 저장 완료 : 1016건 
2026-06-18 11:38:43.798 [http-nio-8080-exec-2] INFO  c.m.f.s.FlightOptionSeedService - 항공권 생성 중 날짜 : 2026-03-28
2026-06-18 11:38:44.684 [http-nio-8080-exec-2] INFO  c.m.f.s.FlightOptionSeedService - 항공권 batch 저장 완료 : 1001건 
2026-06-18 11:38:45.628 [http-nio-8080-exec-2] INFO  c.m.f.s.FlightOptionSeedService - 항공권 batch 저장 완료 : 1014건 
2026-06-18 11:38:45.629 [http-nio-8080-exec-2] INFO  c.m.f.s.FlightOptionSeedService - 항공권 생성 중 날짜 : 2026-03-29
2026-06-18 11:38:46.503 [http-nio-8080-exec-2] INFO  c.m.f.s.FlightOptionSeedService - 항공권 batch 저장 완료 : 1014건 
2026-06-18 11:38:46.504 [http-nio-8080-exec-2] INFO  c.m.f.s.FlightOptionSeedService - 항공권 생성 중 날짜 : 2026-03-30
2026-06-18 11:38:47.394 [http-nio-8080-exec-2] INFO  c.m.f.s.FlightOptionSeedService - 항공권 batch 저장 완료 : 1012건 
2026-06-18 11:38:47.394 [http-nio-8080-exec-2] INFO  c.m.f.s.FlightOptionSeedService - 항공권 생성 중 날짜 : 2026-03-31
2026-06-18 11:38:48.264 [http-nio-8080-exec-2] INFO  c.m.f.s.FlightOptionSeedService - 항공권 batch 저장 완료 : 1008건 
2026-06-18 11:38:48.265 [http-nio-8080-exec-2] INFO  c.m.f.s.FlightOptionSeedService - 항공권 생성 중 날짜 : 2026-04-01
2026-06-18 11:38:48.597 [http-nio-8080-exec-2] INFO  c.m.f.s.FlightOptionSeedService - 항공권 batch 저장 완료 : 386건 
2026-06-18 11:38:48.597 [http-nio-8080-exec-2] INFO  c.m.f.s.FlightOptionSeedService - 항공권 범위 생성 완료 : 2026-03-01 ~ 2026-04-01, 생성 건수: 34782
2026-06-18 11:39:03.789 [http-nio-8080-exec-1] INFO  c.m.f.s.FlightOptionSeedService - 항공권 범위 생성 시작 : 2026-02-01 ~ 2026-03-01
2026-06-18 11:39:04.121 [http-nio-8080-exec-1] INFO  c.m.f.s.FlightOptionSeedService - 항공권 생성 중 날짜 : 2026-02-01
2026-06-18 11:39:05.239 [http-nio-8080-exec-1] INFO  c.m.f.s.FlightOptionSeedService - 항공권 batch 저장 완료 : 1012건 
2026-06-18 11:39:05.242 [http-nio-8080-exec-1] INFO  c.m.f.s.FlightOptionSeedService - 항공권 생성 중 날짜 : 2026-02-02
2026-06-18 11:39:06.594 [http-nio-8080-exec-1] INFO  c.m.f.s.FlightOptionSeedService - 항공권 batch 저장 완료 : 1001건 
2026-06-18 11:39:06.594 [http-nio-8080-exec-1] INFO  c.m.f.s.FlightOptionSeedService - 항공권 생성 중 날짜 : 2026-02-03
2026-06-18 11:39:07.521 [http-nio-8080-exec-1] INFO  c.m.f.s.FlightOptionSeedService - 항공권 batch 저장 완료 : 1013건 
2026-06-18 11:39:07.521 [http-nio-8080-exec-1] INFO  c.m.f.s.FlightOptionSeedService - 항공권 생성 중 날짜 : 2026-02-04
2026-06-18 11:39:08.601 [http-nio-8080-exec-1] INFO  c.m.f.s.FlightOptionSeedService - 항공권 batch 저장 완료 : 1015건 
2026-06-18 11:39:08.602 [http-nio-8080-exec-1] INFO  c.m.f.s.FlightOptionSeedService - 항공권 생성 중 날짜 : 2026-02-05
2026-06-18 11:39:09.615 [http-nio-8080-exec-1] INFO  c.m.f.s.FlightOptionSeedService - 항공권 batch 저장 완료 : 1030건 
2026-06-18 11:39:09.616 [http-nio-8080-exec-1] INFO  c.m.f.s.FlightOptionSeedService - 항공권 생성 중 날짜 : 2026-02-06
2026-06-18 11:39:10.706 [http-nio-8080-exec-1] INFO  c.m.f.s.FlightOptionSeedService - 항공권 batch 저장 완료 : 1029건 
2026-06-18 11:39:10.707 [http-nio-8080-exec-1] INFO  c.m.f.s.FlightOptionSeedService - 항공권 생성 중 날짜 : 2026-02-07
2026-06-18 11:39:11.724 [http-nio-8080-exec-1] INFO  c.m.f.s.FlightOptionSeedService - 항공권 batch 저장 완료 : 1011건 
2026-06-18 11:39:11.726 [http-nio-8080-exec-1] INFO  c.m.f.s.FlightOptionSeedService - 항공권 생성 중 날짜 : 2026-02-08
2026-06-18 11:39:12.785 [http-nio-8080-exec-1] INFO  c.m.f.s.FlightOptionSeedService - 항공권 batch 저장 완료 : 1007건 
2026-06-18 11:39:12.786 [http-nio-8080-exec-1] INFO  c.m.f.s.FlightOptionSeedService - 항공권 생성 중 날짜 : 2026-02-09
2026-06-18 11:39:13.834 [http-nio-8080-exec-1] INFO  c.m.f.s.FlightOptionSeedService - 항공권 batch 저장 완료 : 1011건 
2026-06-18 11:39:13.836 [http-nio-8080-exec-1] INFO  c.m.f.s.FlightOptionSeedService - 항공권 생성 중 날짜 : 2026-02-10
2026-06-18 11:39:14.962 [http-nio-8080-exec-1] INFO  c.m.f.s.FlightOptionSeedService - 항공권 batch 저장 완료 : 1006건 
2026-06-18 11:39:16.037 [http-nio-8080-exec-1] INFO  c.m.f.s.FlightOptionSeedService - 항공권 batch 저장 완료 : 1016건 
2026-06-18 11:39:16.038 [http-nio-8080-exec-1] INFO  c.m.f.s.FlightOptionSeedService - 항공권 생성 중 날짜 : 2026-02-11
2026-06-18 11:39:17.066 [http-nio-8080-exec-1] INFO  c.m.f.s.FlightOptionSeedService - 항공권 batch 저장 완료 : 1024건 
2026-06-18 11:39:17.067 [http-nio-8080-exec-1] INFO  c.m.f.s.FlightOptionSeedService - 항공권 생성 중 날짜 : 2026-02-12
2026-06-18 11:39:18.103 [http-nio-8080-exec-1] INFO  c.m.f.s.FlightOptionSeedService - 항공권 batch 저장 완료 : 1009건 
2026-06-18 11:39:18.104 [http-nio-8080-exec-1] INFO  c.m.f.s.FlightOptionSeedService - 항공권 생성 중 날짜 : 2026-02-13
2026-06-18 11:39:19.244 [http-nio-8080-exec-1] INFO  c.m.f.s.FlightOptionSeedService - 항공권 batch 저장 완료 : 1017건 
2026-06-18 11:39:19.245 [http-nio-8080-exec-1] INFO  c.m.f.s.FlightOptionSeedService - 항공권 생성 중 날짜 : 2026-02-14
2026-06-18 11:39:20.289 [http-nio-8080-exec-1] INFO  c.m.f.s.FlightOptionSeedService - 항공권 batch 저장 완료 : 1015건 
2026-06-18 11:39:20.290 [http-nio-8080-exec-1] INFO  c.m.f.s.FlightOptionSeedService - 항공권 생성 중 날짜 : 2026-02-15
2026-06-18 11:39:21.359 [http-nio-8080-exec-1] INFO  c.m.f.s.FlightOptionSeedService - 항공권 batch 저장 완료 : 1018건 
2026-06-18 11:39:21.360 [http-nio-8080-exec-1] INFO  c.m.f.s.FlightOptionSeedService - 항공권 생성 중 날짜 : 2026-02-16
2026-06-18 11:39:22.395 [http-nio-8080-exec-1] INFO  c.m.f.s.FlightOptionSeedService - 항공권 batch 저장 완료 : 1017건 
2026-06-18 11:39:22.396 [http-nio-8080-exec-1] INFO  c.m.f.s.FlightOptionSeedService - 항공권 생성 중 날짜 : 2026-02-17
2026-06-18 11:39:23.546 [http-nio-8080-exec-1] INFO  c.m.f.s.FlightOptionSeedService - 항공권 batch 저장 완료 : 1016건 
2026-06-18 11:39:23.547 [http-nio-8080-exec-1] INFO  c.m.f.s.FlightOptionSeedService - 항공권 생성 중 날짜 : 2026-02-18
2026-06-18 11:39:24.518 [http-nio-8080-exec-1] INFO  c.m.f.s.FlightOptionSeedService - 항공권 batch 저장 완료 : 1004건 
2026-06-18 11:39:24.520 [http-nio-8080-exec-1] INFO  c.m.f.s.FlightOptionSeedService - 항공권 생성 중 날짜 : 2026-02-19
2026-06-18 11:39:25.571 [http-nio-8080-exec-1] INFO  c.m.f.s.FlightOptionSeedService - 항공권 batch 저장 완료 : 1003건 
2026-06-18 11:39:26.766 [http-nio-8080-exec-1] INFO  c.m.f.s.FlightOptionSeedService - 항공권 batch 저장 완료 : 1009건 
2026-06-18 11:39:26.767 [http-nio-8080-exec-1] INFO  c.m.f.s.FlightOptionSeedService - 항공권 생성 중 날짜 : 2026-02-20
2026-06-18 11:39:27.995 [http-nio-8080-exec-1] INFO  c.m.f.s.FlightOptionSeedService - 항공권 batch 저장 완료 : 1014건 
2026-06-18 11:39:27.995 [http-nio-8080-exec-1] INFO  c.m.f.s.FlightOptionSeedService - 항공권 생성 중 날짜 : 2026-02-21
2026-06-18 11:39:28.996 [http-nio-8080-exec-1] INFO  c.m.f.s.FlightOptionSeedService - 항공권 batch 저장 완료 : 1000건 
2026-06-18 11:39:28.997 [http-nio-8080-exec-1] INFO  c.m.f.s.FlightOptionSeedService - 항공권 생성 중 날짜 : 2026-02-22
2026-06-18 11:39:30.255 [http-nio-8080-exec-1] INFO  c.m.f.s.FlightOptionSeedService - 항공권 batch 저장 완료 : 1009건 
2026-06-18 11:39:30.255 [http-nio-8080-exec-1] INFO  c.m.f.s.FlightOptionSeedService - 항공권 생성 중 날짜 : 2026-02-23
2026-06-18 11:39:31.707 [http-nio-8080-exec-1] INFO  c.m.f.s.FlightOptionSeedService - 항공권 batch 저장 완료 : 1017건 
2026-06-18 11:39:31.708 [http-nio-8080-exec-1] INFO  c.m.f.s.FlightOptionSeedService - 항공권 생성 중 날짜 : 2026-02-24
2026-06-18 11:39:33.181 [http-nio-8080-exec-1] INFO  c.m.f.s.FlightOptionSeedService - 항공권 batch 저장 완료 : 1031건 
2026-06-18 11:39:33.182 [http-nio-8080-exec-1] INFO  c.m.f.s.FlightOptionSeedService - 항공권 생성 중 날짜 : 2026-02-25
2026-06-18 11:39:34.383 [http-nio-8080-exec-1] INFO  c.m.f.s.FlightOptionSeedService - 항공권 batch 저장 완료 : 1010건 
2026-06-18 11:39:34.385 [http-nio-8080-exec-1] INFO  c.m.f.s.FlightOptionSeedService - 항공권 생성 중 날짜 : 2026-02-26
2026-06-18 11:39:35.464 [http-nio-8080-exec-1] INFO  c.m.f.s.FlightOptionSeedService - 항공권 batch 저장 완료 : 1001건 
2026-06-18 11:39:35.467 [http-nio-8080-exec-1] INFO  c.m.f.s.FlightOptionSeedService - 항공권 생성 중 날짜 : 2026-02-27
2026-06-18 11:39:36.660 [http-nio-8080-exec-1] INFO  c.m.f.s.FlightOptionSeedService - 항공권 batch 저장 완료 : 1002건 
2026-06-18 11:39:36.662 [http-nio-8080-exec-1] INFO  c.m.f.s.FlightOptionSeedService - 항공권 생성 중 날짜 : 2026-02-28
2026-06-18 11:39:37.755 [http-nio-8080-exec-1] INFO  c.m.f.s.FlightOptionSeedService - 항공권 batch 저장 완료 : 1008건 
2026-06-18 11:39:38.885 [http-nio-8080-exec-1] INFO  c.m.f.s.FlightOptionSeedService - 항공권 batch 저장 완료 : 1028건 
2026-06-18 11:39:38.885 [http-nio-8080-exec-1] INFO  c.m.f.s.FlightOptionSeedService - 항공권 생성 중 날짜 : 2026-03-01
2026-06-18 11:39:38.979 [http-nio-8080-exec-1] INFO  c.m.f.s.FlightOptionSeedService - 항공권 batch 저장 완료 : 70건 
2026-06-18 11:39:38.979 [http-nio-8080-exec-1] INFO  c.m.f.s.FlightOptionSeedService - 항공권 범위 생성 완료 : 2026-02-01 ~ 2026-03-01, 생성 건수: 31473
2026-06-18 11:46:52.231 [http-nio-8080-exec-5] INFO  c.m.f.s.FlightOptionSeedService - 항공권 범위 생성 시작 : 2026-01-01 ~ 2026-02-01
2026-06-18 11:46:52.558 [http-nio-8080-exec-5] INFO  c.m.f.s.FlightOptionSeedService - 항공권 생성 중 날짜 : 2026-01-01
2026-06-18 11:46:53.552 [http-nio-8080-exec-5] INFO  c.m.f.s.FlightOptionSeedService - 항공권 batch 저장 완료 : 1026건 
2026-06-18 11:46:53.553 [http-nio-8080-exec-5] INFO  c.m.f.s.FlightOptionSeedService - 항공권 생성 중 날짜 : 2026-01-02
2026-06-18 11:46:54.791 [http-nio-8080-exec-5] INFO  c.m.f.s.FlightOptionSeedService - 항공권 batch 저장 완료 : 1009건 
2026-06-18 11:46:54.792 [http-nio-8080-exec-5] INFO  c.m.f.s.FlightOptionSeedService - 항공권 생성 중 날짜 : 2026-01-03
2026-06-18 11:46:55.822 [http-nio-8080-exec-5] INFO  c.m.f.s.FlightOptionSeedService - 항공권 batch 저장 완료 : 1014건 
2026-06-18 11:46:55.824 [http-nio-8080-exec-5] INFO  c.m.f.s.FlightOptionSeedService - 항공권 생성 중 날짜 : 2026-01-04
2026-06-18 11:46:56.842 [http-nio-8080-exec-5] INFO  c.m.f.s.FlightOptionSeedService - 항공권 batch 저장 완료 : 1005건 
2026-06-18 11:46:56.843 [http-nio-8080-exec-5] INFO  c.m.f.s.FlightOptionSeedService - 항공권 생성 중 날짜 : 2026-01-05
2026-06-18 11:46:57.859 [http-nio-8080-exec-5] INFO  c.m.f.s.FlightOptionSeedService - 항공권 batch 저장 완료 : 1008건 
2026-06-18 11:46:57.861 [http-nio-8080-exec-5] INFO  c.m.f.s.FlightOptionSeedService - 항공권 생성 중 날짜 : 2026-01-06
2026-06-18 11:46:58.878 [http-nio-8080-exec-5] INFO  c.m.f.s.FlightOptionSeedService - 항공권 batch 저장 완료 : 1006건 
2026-06-18 11:46:58.880 [http-nio-8080-exec-5] INFO  c.m.f.s.FlightOptionSeedService - 항공권 생성 중 날짜 : 2026-01-07
2026-06-18 11:46:59.940 [http-nio-8080-exec-5] INFO  c.m.f.s.FlightOptionSeedService - 항공권 batch 저장 완료 : 1013건 
2026-06-18 11:46:59.942 [http-nio-8080-exec-5] INFO  c.m.f.s.FlightOptionSeedService - 항공권 생성 중 날짜 : 2026-01-08
2026-06-18 11:47:00.951 [http-nio-8080-exec-5] INFO  c.m.f.s.FlightOptionSeedService - 항공권 batch 저장 완료 : 1014건 
2026-06-18 11:47:00.953 [http-nio-8080-exec-5] INFO  c.m.f.s.FlightOptionSeedService - 항공권 생성 중 날짜 : 2026-01-09
2026-06-18 11:47:01.915 [http-nio-8080-exec-5] INFO  c.m.f.s.FlightOptionSeedService - 항공권 batch 저장 완료 : 1012건 
2026-06-18 11:47:02.929 [http-nio-8080-exec-5] INFO  c.m.f.s.FlightOptionSeedService - 항공권 batch 저장 완료 : 1024건 
2026-06-18 11:47:02.929 [http-nio-8080-exec-5] INFO  c.m.f.s.FlightOptionSeedService - 항공권 생성 중 날짜 : 2026-01-10
2026-06-18 11:47:03.912 [http-nio-8080-exec-5] INFO  c.m.f.s.FlightOptionSeedService - 항공권 batch 저장 완료 : 1023건 
2026-06-18 11:47:03.913 [http-nio-8080-exec-5] INFO  c.m.f.s.FlightOptionSeedService - 항공권 생성 중 날짜 : 2026-01-11
2026-06-18 11:47:05.009 [http-nio-8080-exec-5] INFO  c.m.f.s.FlightOptionSeedService - 항공권 batch 저장 완료 : 1002건 
2026-06-18 11:47:05.009 [http-nio-8080-exec-5] INFO  c.m.f.s.FlightOptionSeedService - 항공권 생성 중 날짜 : 2026-01-12
2026-06-18 11:47:05.982 [http-nio-8080-exec-5] INFO  c.m.f.s.FlightOptionSeedService - 항공권 batch 저장 완료 : 1005건 
2026-06-18 11:47:05.983 [http-nio-8080-exec-5] INFO  c.m.f.s.FlightOptionSeedService - 항공권 생성 중 날짜 : 2026-01-13
2026-06-18 11:47:07.008 [http-nio-8080-exec-5] INFO  c.m.f.s.FlightOptionSeedService - 항공권 batch 저장 완료 : 1001건 
2026-06-18 11:47:07.009 [http-nio-8080-exec-5] INFO  c.m.f.s.FlightOptionSeedService - 항공권 생성 중 날짜 : 2026-01-14
2026-06-18 11:47:08.106 [http-nio-8080-exec-5] INFO  c.m.f.s.FlightOptionSeedService - 항공권 batch 저장 완료 : 1002건 
2026-06-18 11:47:08.108 [http-nio-8080-exec-5] INFO  c.m.f.s.FlightOptionSeedService - 항공권 생성 중 날짜 : 2026-01-15
2026-06-18 11:47:09.334 [http-nio-8080-exec-5] INFO  c.m.f.s.FlightOptionSeedService - 항공권 batch 저장 완료 : 1035건 
2026-06-18 11:47:09.335 [http-nio-8080-exec-5] INFO  c.m.f.s.FlightOptionSeedService - 항공권 생성 중 날짜 : 2026-01-16
2026-06-18 11:47:10.326 [http-nio-8080-exec-5] INFO  c.m.f.s.FlightOptionSeedService - 항공권 batch 저장 완료 : 1032건 
2026-06-18 11:47:10.327 [http-nio-8080-exec-5] INFO  c.m.f.s.FlightOptionSeedService - 항공권 생성 중 날짜 : 2026-01-17
2026-06-18 11:47:11.274 [http-nio-8080-exec-5] INFO  c.m.f.s.FlightOptionSeedService - 항공권 batch 저장 완료 : 1015건 
2026-06-18 11:47:11.276 [http-nio-8080-exec-5] INFO  c.m.f.s.FlightOptionSeedService - 항공권 생성 중 날짜 : 2026-01-18
2026-06-18 11:47:12.275 [http-nio-8080-exec-5] INFO  c.m.f.s.FlightOptionSeedService - 항공권 batch 저장 완료 : 1018건 
2026-06-18 11:47:12.276 [http-nio-8080-exec-5] INFO  c.m.f.s.FlightOptionSeedService - 항공권 생성 중 날짜 : 2026-01-19
2026-06-18 11:47:13.263 [http-nio-8080-exec-5] INFO  c.m.f.s.FlightOptionSeedService - 항공권 batch 저장 완료 : 1008건 
2026-06-18 11:47:14.431 [http-nio-8080-exec-5] INFO  c.m.f.s.FlightOptionSeedService - 항공권 batch 저장 완료 : 1002건 
2026-06-18 11:47:14.431 [http-nio-8080-exec-5] INFO  c.m.f.s.FlightOptionSeedService - 항공권 생성 중 날짜 : 2026-01-20
2026-06-18 11:47:15.361 [http-nio-8080-exec-5] INFO  c.m.f.s.FlightOptionSeedService - 항공권 batch 저장 완료 : 1020건 
2026-06-18 11:47:15.362 [http-nio-8080-exec-5] INFO  c.m.f.s.FlightOptionSeedService - 항공권 생성 중 날짜 : 2026-01-21
2026-06-18 11:47:16.412 [http-nio-8080-exec-5] INFO  c.m.f.s.FlightOptionSeedService - 항공권 batch 저장 완료 : 1001건 
2026-06-18 11:47:16.414 [http-nio-8080-exec-5] INFO  c.m.f.s.FlightOptionSeedService - 항공권 생성 중 날짜 : 2026-01-22
2026-06-18 11:47:17.453 [http-nio-8080-exec-5] INFO  c.m.f.s.FlightOptionSeedService - 항공권 batch 저장 완료 : 1012건 
2026-06-18 11:47:17.454 [http-nio-8080-exec-5] INFO  c.m.f.s.FlightOptionSeedService - 항공권 생성 중 날짜 : 2026-01-23
2026-06-18 11:47:18.407 [http-nio-8080-exec-5] INFO  c.m.f.s.FlightOptionSeedService - 항공권 batch 저장 완료 : 1015건 
2026-06-18 11:47:18.408 [http-nio-8080-exec-5] INFO  c.m.f.s.FlightOptionSeedService - 항공권 생성 중 날짜 : 2026-01-24
2026-06-18 11:47:19.647 [http-nio-8080-exec-5] INFO  c.m.f.s.FlightOptionSeedService - 항공권 batch 저장 완료 : 1033건 
2026-06-18 11:47:19.648 [http-nio-8080-exec-5] INFO  c.m.f.s.FlightOptionSeedService - 항공권 생성 중 날짜 : 2026-01-25
2026-06-18 11:47:20.659 [http-nio-8080-exec-5] INFO  c.m.f.s.FlightOptionSeedService - 항공권 batch 저장 완료 : 1011건 
2026-06-18 11:47:20.661 [http-nio-8080-exec-5] INFO  c.m.f.s.FlightOptionSeedService - 항공권 생성 중 날짜 : 2026-01-26
2026-06-18 11:47:21.735 [http-nio-8080-exec-5] INFO  c.m.f.s.FlightOptionSeedService - 항공권 batch 저장 완료 : 1015건 
2026-06-18 11:47:21.736 [http-nio-8080-exec-5] INFO  c.m.f.s.FlightOptionSeedService - 항공권 생성 중 날짜 : 2026-01-27
2026-06-18 11:47:22.769 [http-nio-8080-exec-5] INFO  c.m.f.s.FlightOptionSeedService - 항공권 batch 저장 완료 : 1003건 
2026-06-18 11:47:22.770 [http-nio-8080-exec-5] INFO  c.m.f.s.FlightOptionSeedService - 항공권 생성 중 날짜 : 2026-01-28
2026-06-18 11:47:23.766 [http-nio-8080-exec-5] INFO  c.m.f.s.FlightOptionSeedService - 항공권 batch 저장 완료 : 1007건 
2026-06-18 11:47:24.880 [http-nio-8080-exec-5] INFO  c.m.f.s.FlightOptionSeedService - 항공권 batch 저장 완료 : 1022건 
2026-06-18 11:47:24.881 [http-nio-8080-exec-5] INFO  c.m.f.s.FlightOptionSeedService - 항공권 생성 중 날짜 : 2026-01-29
2026-06-18 11:47:25.906 [http-nio-8080-exec-5] INFO  c.m.f.s.FlightOptionSeedService - 항공권 batch 저장 완료 : 1015건 
2026-06-18 11:47:25.908 [http-nio-8080-exec-5] INFO  c.m.f.s.FlightOptionSeedService - 항공권 생성 중 날짜 : 2026-01-30
2026-06-18 11:47:26.901 [http-nio-8080-exec-5] INFO  c.m.f.s.FlightOptionSeedService - 항공권 batch 저장 완료 : 1003건 
2026-06-18 11:47:26.902 [http-nio-8080-exec-5] INFO  c.m.f.s.FlightOptionSeedService - 항공권 생성 중 날짜 : 2026-01-31
2026-06-18 11:47:27.905 [http-nio-8080-exec-5] INFO  c.m.f.s.FlightOptionSeedService - 항공권 batch 저장 완료 : 1007건 
2026-06-18 11:47:27.906 [http-nio-8080-exec-5] INFO  c.m.f.s.FlightOptionSeedService - 항공권 생성 중 날짜 : 2026-02-01
2026-06-18 11:47:28.275 [http-nio-8080-exec-5] INFO  c.m.f.s.FlightOptionSeedService - 항공권 batch 저장 완료 : 394건 
2026-06-18 11:47:28.276 [http-nio-8080-exec-5] INFO  c.m.f.s.FlightOptionSeedService - 항공권 범위 생성 완료 : 2026-01-01 ~ 2026-02-01, 생성 건수: 34832
2026-06-18 11:49:00.285 [http-nio-8080-exec-10] INFO  c.m.f.s.FlightOptionSeedService - 항공권 범위 생성 시작 : 2025-12-01 ~ 2026-01-01
2026-06-18 11:49:00.648 [http-nio-8080-exec-10] INFO  c.m.f.s.FlightOptionSeedService - 항공권 생성 중 날짜 : 2025-12-01
2026-06-18 11:49:00.648 [http-nio-8080-exec-10] INFO  c.m.f.s.FlightOptionSeedService - 항공권 생성 중 날짜 : 2025-12-02
2026-06-18 11:49:01.586 [http-nio-8080-exec-10] INFO  c.m.f.s.FlightOptionSeedService - 항공권 batch 저장 완료 : 1024건 
2026-06-18 11:49:01.587 [http-nio-8080-exec-10] INFO  c.m.f.s.FlightOptionSeedService - 항공권 생성 중 날짜 : 2025-12-03
2026-06-18 11:49:02.890 [http-nio-8080-exec-10] INFO  c.m.f.s.FlightOptionSeedService - 항공권 batch 저장 완료 : 1009건 
2026-06-18 11:49:02.891 [http-nio-8080-exec-10] INFO  c.m.f.s.FlightOptionSeedService - 항공권 생성 중 날짜 : 2025-12-04
2026-06-18 11:49:03.958 [http-nio-8080-exec-10] INFO  c.m.f.s.FlightOptionSeedService - 항공권 batch 저장 완료 : 1016건 
2026-06-18 11:49:03.959 [http-nio-8080-exec-10] INFO  c.m.f.s.FlightOptionSeedService - 항공권 생성 중 날짜 : 2025-12-05
2026-06-18 11:49:05.295 [http-nio-8080-exec-10] INFO  c.m.f.s.FlightOptionSeedService - 항공권 batch 저장 완료 : 1013건 
2026-06-18 11:49:05.298 [http-nio-8080-exec-10] INFO  c.m.f.s.FlightOptionSeedService - 항공권 생성 중 날짜 : 2025-12-06
2026-06-18 11:49:07.067 [http-nio-8080-exec-10] INFO  c.m.f.s.FlightOptionSeedService - 항공권 batch 저장 완료 : 1017건 
2026-06-18 11:49:07.074 [http-nio-8080-exec-10] INFO  c.m.f.s.FlightOptionSeedService - 항공권 생성 중 날짜 : 2025-12-07
2026-06-18 11:49:09.309 [http-nio-8080-exec-10] INFO  c.m.f.s.FlightOptionSeedService - 항공권 batch 저장 완료 : 1007건 
2026-06-18 11:49:09.310 [http-nio-8080-exec-10] INFO  c.m.f.s.FlightOptionSeedService - 항공권 생성 중 날짜 : 2025-12-08
2026-06-18 11:49:11.161 [http-nio-8080-exec-10] INFO  c.m.f.s.FlightOptionSeedService - 항공권 batch 저장 완료 : 1005건 
2026-06-18 11:49:11.164 [http-nio-8080-exec-10] INFO  c.m.f.s.FlightOptionSeedService - 항공권 생성 중 날짜 : 2025-12-09
2026-06-18 11:49:12.185 [http-nio-8080-exec-10] INFO  c.m.f.s.FlightOptionSeedService - 항공권 batch 저장 완료 : 1010건 
2026-06-18 11:49:12.188 [http-nio-8080-exec-10] INFO  c.m.f.s.FlightOptionSeedService - 항공권 생성 중 날짜 : 2025-12-10
2026-06-18 11:49:13.112 [http-nio-8080-exec-10] INFO  c.m.f.s.FlightOptionSeedService - 항공권 batch 저장 완료 : 1005건 
2026-06-18 11:49:13.113 [http-nio-8080-exec-10] INFO  c.m.f.s.FlightOptionSeedService - 항공권 생성 중 날짜 : 2025-12-11
2026-06-18 11:49:14.015 [http-nio-8080-exec-10] INFO  c.m.f.s.FlightOptionSeedService - 항공권 batch 저장 완료 : 1012건 
2026-06-18 11:49:14.978 [http-nio-8080-exec-10] INFO  c.m.f.s.FlightOptionSeedService - 항공권 batch 저장 완료 : 1018건 
2026-06-18 11:49:14.978 [http-nio-8080-exec-10] INFO  c.m.f.s.FlightOptionSeedService - 항공권 생성 중 날짜 : 2025-12-12
2026-06-18 11:49:15.891 [http-nio-8080-exec-10] INFO  c.m.f.s.FlightOptionSeedService - 항공권 batch 저장 완료 : 1000건 
2026-06-18 11:49:15.892 [http-nio-8080-exec-10] INFO  c.m.f.s.FlightOptionSeedService - 항공권 생성 중 날짜 : 2025-12-13
2026-06-18 11:49:17.023 [http-nio-8080-exec-10] INFO  c.m.f.s.FlightOptionSeedService - 항공권 batch 저장 완료 : 1010건 
2026-06-18 11:49:17.024 [http-nio-8080-exec-10] INFO  c.m.f.s.FlightOptionSeedService - 항공권 생성 중 날짜 : 2025-12-14
2026-06-18 11:49:17.981 [http-nio-8080-exec-10] INFO  c.m.f.s.FlightOptionSeedService - 항공권 batch 저장 완료 : 1010건 
2026-06-18 11:49:17.982 [http-nio-8080-exec-10] INFO  c.m.f.s.FlightOptionSeedService - 항공권 생성 중 날짜 : 2025-12-15
2026-06-18 11:49:18.959 [http-nio-8080-exec-10] INFO  c.m.f.s.FlightOptionSeedService - 항공권 batch 저장 완료 : 1014건 
2026-06-18 11:49:18.960 [http-nio-8080-exec-10] INFO  c.m.f.s.FlightOptionSeedService - 항공권 생성 중 날짜 : 2025-12-16
2026-06-18 11:49:19.899 [http-nio-8080-exec-10] INFO  c.m.f.s.FlightOptionSeedService - 항공권 batch 저장 완료 : 1037건 
2026-06-18 11:49:19.900 [http-nio-8080-exec-10] INFO  c.m.f.s.FlightOptionSeedService - 항공권 생성 중 날짜 : 2025-12-17
2026-06-18 11:49:20.825 [http-nio-8080-exec-10] INFO  c.m.f.s.FlightOptionSeedService - 항공권 batch 저장 완료 : 1006건 
2026-06-18 11:49:20.826 [http-nio-8080-exec-10] INFO  c.m.f.s.FlightOptionSeedService - 항공권 생성 중 날짜 : 2025-12-18
2026-06-18 11:49:21.954 [http-nio-8080-exec-10] INFO  c.m.f.s.FlightOptionSeedService - 항공권 batch 저장 완료 : 1014건 
2026-06-18 11:49:21.956 [http-nio-8080-exec-10] INFO  c.m.f.s.FlightOptionSeedService - 항공권 생성 중 날짜 : 2025-12-19
2026-06-18 11:49:22.945 [http-nio-8080-exec-10] INFO  c.m.f.s.FlightOptionSeedService - 항공권 batch 저장 완료 : 1016건 
2026-06-18 11:49:22.947 [http-nio-8080-exec-10] INFO  c.m.f.s.FlightOptionSeedService - 항공권 생성 중 날짜 : 2025-12-20
2026-06-18 11:49:23.968 [http-nio-8080-exec-10] INFO  c.m.f.s.FlightOptionSeedService - 항공권 batch 저장 완료 : 1000건 
2026-06-18 11:49:23.970 [http-nio-8080-exec-10] INFO  c.m.f.s.FlightOptionSeedService - 항공권 생성 중 날짜 : 2025-12-21
2026-06-18 11:49:25.052 [http-nio-8080-exec-10] INFO  c.m.f.s.FlightOptionSeedService - 항공권 batch 저장 완료 : 1000건 
2026-06-18 11:49:26.130 [http-nio-8080-exec-10] INFO  c.m.f.s.FlightOptionSeedService - 항공권 batch 저장 완료 : 1020건 
2026-06-18 11:49:26.131 [http-nio-8080-exec-10] INFO  c.m.f.s.FlightOptionSeedService - 항공권 생성 중 날짜 : 2025-12-22
2026-06-18 11:49:27.236 [http-nio-8080-exec-10] INFO  c.m.f.s.FlightOptionSeedService - 항공권 batch 저장 완료 : 1000건 
2026-06-18 11:49:27.237 [http-nio-8080-exec-10] INFO  c.m.f.s.FlightOptionSeedService - 항공권 생성 중 날짜 : 2025-12-23
2026-06-18 11:49:28.274 [http-nio-8080-exec-10] INFO  c.m.f.s.FlightOptionSeedService - 항공권 batch 저장 완료 : 1003건 
2026-06-18 11:49:28.275 [http-nio-8080-exec-10] INFO  c.m.f.s.FlightOptionSeedService - 항공권 생성 중 날짜 : 2025-12-24
2026-06-18 11:49:29.273 [http-nio-8080-exec-10] INFO  c.m.f.s.FlightOptionSeedService - 항공권 batch 저장 완료 : 1005건 
2026-06-18 11:49:29.274 [http-nio-8080-exec-10] INFO  c.m.f.s.FlightOptionSeedService - 항공권 생성 중 날짜 : 2025-12-25
2026-06-18 11:49:30.271 [http-nio-8080-exec-10] INFO  c.m.f.s.FlightOptionSeedService - 항공권 batch 저장 완료 : 1018건 
2026-06-18 11:49:30.273 [http-nio-8080-exec-10] INFO  c.m.f.s.FlightOptionSeedService - 항공권 생성 중 날짜 : 2025-12-26
2026-06-18 11:49:31.552 [http-nio-8080-exec-10] INFO  c.m.f.s.FlightOptionSeedService - 항공권 batch 저장 완료 : 1018건 
2026-06-18 11:49:31.554 [http-nio-8080-exec-10] INFO  c.m.f.s.FlightOptionSeedService - 항공권 생성 중 날짜 : 2025-12-27
2026-06-18 11:49:32.675 [http-nio-8080-exec-10] INFO  c.m.f.s.FlightOptionSeedService - 항공권 batch 저장 완료 : 1005건 
2026-06-18 11:49:32.677 [http-nio-8080-exec-10] INFO  c.m.f.s.FlightOptionSeedService - 항공권 생성 중 날짜 : 2025-12-28
2026-06-18 11:49:33.751 [http-nio-8080-exec-10] INFO  c.m.f.s.FlightOptionSeedService - 항공권 batch 저장 완료 : 1010건 
2026-06-18 11:49:33.753 [http-nio-8080-exec-10] INFO  c.m.f.s.FlightOptionSeedService - 항공권 생성 중 날짜 : 2025-12-29
2026-06-18 11:49:34.779 [http-nio-8080-exec-10] INFO  c.m.f.s.FlightOptionSeedService - 항공권 batch 저장 완료 : 1013건 
2026-06-18 11:49:34.780 [http-nio-8080-exec-10] INFO  c.m.f.s.FlightOptionSeedService - 항공권 생성 중 날짜 : 2025-12-30
2026-06-18 11:49:35.805 [http-nio-8080-exec-10] INFO  c.m.f.s.FlightOptionSeedService - 항공권 batch 저장 완료 : 1002건 
2026-06-18 11:49:36.867 [http-nio-8080-exec-10] INFO  c.m.f.s.FlightOptionSeedService - 항공권 batch 저장 완료 : 1036건 
2026-06-18 11:49:36.867 [http-nio-8080-exec-10] INFO  c.m.f.s.FlightOptionSeedService - 항공권 생성 중 날짜 : 2025-12-31
2026-06-18 11:49:37.964 [http-nio-8080-exec-10] INFO  c.m.f.s.FlightOptionSeedService - 항공권 batch 저장 완료 : 1012건 
2026-06-18 11:49:37.965 [http-nio-8080-exec-10] INFO  c.m.f.s.FlightOptionSeedService - 항공권 생성 중 날짜 : 2026-01-01
2026-06-18 11:49:38.182 [http-nio-8080-exec-10] INFO  c.m.f.s.FlightOptionSeedService - 항공권 batch 저장 완료 : 206건 
2026-06-18 11:49:38.182 [http-nio-8080-exec-10] INFO  c.m.f.s.FlightOptionSeedService - 항공권 범위 생성 완료 : 2025-12-01 ~ 2026-01-01, 생성 건수: 33591
2026-06-18 12:00:43.635 [http-nio-8080-exec-3] INFO  c.m.f.s.FlightOptionSeedService - 항공권 범위 생성 시작 : 2025-11-01 ~ 2025-12-01
2026-06-18 12:00:44.331 [http-nio-8080-exec-3] INFO  c.m.f.s.FlightOptionSeedService - 항공권 생성 중 날짜 : 2025-11-01
2026-06-18 12:00:44.332 [http-nio-8080-exec-3] INFO  c.m.f.s.FlightOptionSeedService - 항공권 생성 중 날짜 : 2025-11-02
2026-06-18 12:00:44.332 [http-nio-8080-exec-3] INFO  c.m.f.s.FlightOptionSeedService - 항공권 생성 중 날짜 : 2025-11-03
2026-06-18 12:00:44.332 [http-nio-8080-exec-3] INFO  c.m.f.s.FlightOptionSeedService - 항공권 생성 중 날짜 : 2025-11-04
2026-06-18 12:00:44.332 [http-nio-8080-exec-3] INFO  c.m.f.s.FlightOptionSeedService - 항공권 생성 중 날짜 : 2025-11-05
2026-06-18 12:00:44.333 [http-nio-8080-exec-3] INFO  c.m.f.s.FlightOptionSeedService - 항공권 생성 중 날짜 : 2025-11-06
2026-06-18 12:00:44.333 [http-nio-8080-exec-3] INFO  c.m.f.s.FlightOptionSeedService - 항공권 생성 중 날짜 : 2025-11-07
2026-06-18 12:00:44.333 [http-nio-8080-exec-3] INFO  c.m.f.s.FlightOptionSeedService - 항공권 생성 중 날짜 : 2025-11-08
2026-06-18 12:00:44.334 [http-nio-8080-exec-3] INFO  c.m.f.s.FlightOptionSeedService - 항공권 생성 중 날짜 : 2025-11-09
2026-06-18 12:00:44.334 [http-nio-8080-exec-3] INFO  c.m.f.s.FlightOptionSeedService - 항공권 생성 중 날짜 : 2025-11-10
2026-06-18 12:00:44.334 [http-nio-8080-exec-3] INFO  c.m.f.s.FlightOptionSeedService - 항공권 생성 중 날짜 : 2025-11-11
2026-06-18 12:00:44.334 [http-nio-8080-exec-3] INFO  c.m.f.s.FlightOptionSeedService - 항공권 생성 중 날짜 : 2025-11-12
2026-06-18 12:00:44.334 [http-nio-8080-exec-3] INFO  c.m.f.s.FlightOptionSeedService - 항공권 생성 중 날짜 : 2025-11-13
2026-06-18 12:00:44.334 [http-nio-8080-exec-3] INFO  c.m.f.s.FlightOptionSeedService - 항공권 생성 중 날짜 : 2025-11-14
2026-06-18 12:00:44.335 [http-nio-8080-exec-3] INFO  c.m.f.s.FlightOptionSeedService - 항공권 생성 중 날짜 : 2025-11-15
2026-06-18 12:00:44.335 [http-nio-8080-exec-3] INFO  c.m.f.s.FlightOptionSeedService - 항공권 생성 중 날짜 : 2025-11-16
2026-06-18 12:00:44.335 [http-nio-8080-exec-3] INFO  c.m.f.s.FlightOptionSeedService - 항공권 생성 중 날짜 : 2025-11-17
2026-06-18 12:00:44.336 [http-nio-8080-exec-3] INFO  c.m.f.s.FlightOptionSeedService - 항공권 생성 중 날짜 : 2025-11-18
2026-06-18 12:00:44.336 [http-nio-8080-exec-3] INFO  c.m.f.s.FlightOptionSeedService - 항공권 생성 중 날짜 : 2025-11-19
2026-06-18 12:00:44.336 [http-nio-8080-exec-3] INFO  c.m.f.s.FlightOptionSeedService - 항공권 생성 중 날짜 : 2025-11-20
2026-06-18 12:00:44.336 [http-nio-8080-exec-3] INFO  c.m.f.s.FlightOptionSeedService - 항공권 생성 중 날짜 : 2025-11-21
2026-06-18 12:00:44.336 [http-nio-8080-exec-3] INFO  c.m.f.s.FlightOptionSeedService - 항공권 생성 중 날짜 : 2025-11-22
2026-06-18 12:00:44.336 [http-nio-8080-exec-3] INFO  c.m.f.s.FlightOptionSeedService - 항공권 생성 중 날짜 : 2025-11-23
2026-06-18 12:00:44.337 [http-nio-8080-exec-3] INFO  c.m.f.s.FlightOptionSeedService - 항공권 생성 중 날짜 : 2025-11-24
2026-06-18 12:00:44.337 [http-nio-8080-exec-3] INFO  c.m.f.s.FlightOptionSeedService - 항공권 생성 중 날짜 : 2025-11-25
2026-06-18 12:00:44.337 [http-nio-8080-exec-3] INFO  c.m.f.s.FlightOptionSeedService - 항공권 생성 중 날짜 : 2025-11-26
2026-06-18 12:00:44.337 [http-nio-8080-exec-3] INFO  c.m.f.s.FlightOptionSeedService - 항공권 생성 중 날짜 : 2025-11-27
2026-06-18 12:00:44.337 [http-nio-8080-exec-3] INFO  c.m.f.s.FlightOptionSeedService - 항공권 생성 중 날짜 : 2025-11-28
2026-06-18 12:00:44.337 [http-nio-8080-exec-3] INFO  c.m.f.s.FlightOptionSeedService - 항공권 생성 중 날짜 : 2025-11-29
2026-06-18 12:00:44.338 [http-nio-8080-exec-3] INFO  c.m.f.s.FlightOptionSeedService - 항공권 생성 중 날짜 : 2025-11-30
2026-06-18 12:00:44.338 [http-nio-8080-exec-3] INFO  c.m.f.s.FlightOptionSeedService - 항공권 생성 중 날짜 : 2025-12-01
2026-06-18 12:00:44.338 [http-nio-8080-exec-3] INFO  c.m.f.s.FlightOptionSeedService - 항공권 범위 생성 완료 : 2025-11-01 ~ 2025-12-01, 생성 건수: 0
2026-06-18 12:00:50.895 [http-nio-8080-exec-4] INFO  c.m.f.s.FlightOptionSeedService - 항공권 범위 생성 시작 : 2025-10-01 ~ 2025-12-01
2026-06-18 12:00:51.384 [http-nio-8080-exec-4] INFO  c.m.f.s.FlightOptionSeedService - 항공권 생성 중 날짜 : 2025-10-01
2026-06-18 12:00:51.384 [http-nio-8080-exec-4] INFO  c.m.f.s.FlightOptionSeedService - 항공권 생성 중 날짜 : 2025-10-02
2026-06-18 12:00:51.384 [http-nio-8080-exec-4] INFO  c.m.f.s.FlightOptionSeedService - 항공권 생성 중 날짜 : 2025-10-03
2026-06-18 12:00:51.385 [http-nio-8080-exec-4] INFO  c.m.f.s.FlightOptionSeedService - 항공권 생성 중 날짜 : 2025-10-04
2026-06-18 12:00:51.385 [http-nio-8080-exec-4] INFO  c.m.f.s.FlightOptionSeedService - 항공권 생성 중 날짜 : 2025-10-05
2026-06-18 12:00:51.385 [http-nio-8080-exec-4] INFO  c.m.f.s.FlightOptionSeedService - 항공권 생성 중 날짜 : 2025-10-06
2026-06-18 12:00:51.386 [http-nio-8080-exec-4] INFO  c.m.f.s.FlightOptionSeedService - 항공권 생성 중 날짜 : 2025-10-07
2026-06-18 12:00:51.386 [http-nio-8080-exec-4] INFO  c.m.f.s.FlightOptionSeedService - 항공권 생성 중 날짜 : 2025-10-08
2026-06-18 12:00:51.387 [http-nio-8080-exec-4] INFO  c.m.f.s.FlightOptionSeedService - 항공권 생성 중 날짜 : 2025-10-09
2026-06-18 12:00:51.387 [http-nio-8080-exec-4] INFO  c.m.f.s.FlightOptionSeedService - 항공권 생성 중 날짜 : 2025-10-10
2026-06-18 12:00:51.388 [http-nio-8080-exec-4] INFO  c.m.f.s.FlightOptionSeedService - 항공권 생성 중 날짜 : 2025-10-11
2026-06-18 12:00:51.388 [http-nio-8080-exec-4] INFO  c.m.f.s.FlightOptionSeedService - 항공권 생성 중 날짜 : 2025-10-12
2026-06-18 12:00:51.388 [http-nio-8080-exec-4] INFO  c.m.f.s.FlightOptionSeedService - 항공권 생성 중 날짜 : 2025-10-13
2026-06-18 12:00:51.389 [http-nio-8080-exec-4] INFO  c.m.f.s.FlightOptionSeedService - 항공권 생성 중 날짜 : 2025-10-14
2026-06-18 12:00:51.389 [http-nio-8080-exec-4] INFO  c.m.f.s.FlightOptionSeedService - 항공권 생성 중 날짜 : 2025-10-15
2026-06-18 12:00:51.389 [http-nio-8080-exec-4] INFO  c.m.f.s.FlightOptionSeedService - 항공권 생성 중 날짜 : 2025-10-16
2026-06-18 12:00:51.389 [http-nio-8080-exec-4] INFO  c.m.f.s.FlightOptionSeedService - 항공권 생성 중 날짜 : 2025-10-17
2026-06-18 12:00:51.390 [http-nio-8080-exec-4] INFO  c.m.f.s.FlightOptionSeedService - 항공권 생성 중 날짜 : 2025-10-18
2026-06-18 12:00:51.390 [http-nio-8080-exec-4] INFO  c.m.f.s.FlightOptionSeedService - 항공권 생성 중 날짜 : 2025-10-19
2026-06-18 12:00:51.390 [http-nio-8080-exec-4] INFO  c.m.f.s.FlightOptionSeedService - 항공권 생성 중 날짜 : 2025-10-20
2026-06-18 12:00:51.391 [http-nio-8080-exec-4] INFO  c.m.f.s.FlightOptionSeedService - 항공권 생성 중 날짜 : 2025-10-21
2026-06-18 12:00:51.391 [http-nio-8080-exec-4] INFO  c.m.f.s.FlightOptionSeedService - 항공권 생성 중 날짜 : 2025-10-22
2026-06-18 12:00:51.391 [http-nio-8080-exec-4] INFO  c.m.f.s.FlightOptionSeedService - 항공권 생성 중 날짜 : 2025-10-23
2026-06-18 12:00:51.391 [http-nio-8080-exec-4] INFO  c.m.f.s.FlightOptionSeedService - 항공권 생성 중 날짜 : 2025-10-24
2026-06-18 12:00:51.392 [http-nio-8080-exec-4] INFO  c.m.f.s.FlightOptionSeedService - 항공권 생성 중 날짜 : 2025-10-25
2026-06-18 12:00:51.392 [http-nio-8080-exec-4] INFO  c.m.f.s.FlightOptionSeedService - 항공권 생성 중 날짜 : 2025-10-26
2026-06-18 12:00:51.392 [http-nio-8080-exec-4] INFO  c.m.f.s.FlightOptionSeedService - 항공권 생성 중 날짜 : 2025-10-27
2026-06-18 12:00:51.392 [http-nio-8080-exec-4] INFO  c.m.f.s.FlightOptionSeedService - 항공권 생성 중 날짜 : 2025-10-28
2026-06-18 12:00:51.392 [http-nio-8080-exec-4] INFO  c.m.f.s.FlightOptionSeedService - 항공권 생성 중 날짜 : 2025-10-29
2026-06-18 12:00:51.393 [http-nio-8080-exec-4] INFO  c.m.f.s.FlightOptionSeedService - 항공권 생성 중 날짜 : 2025-10-30
2026-06-18 12:00:51.393 [http-nio-8080-exec-4] INFO  c.m.f.s.FlightOptionSeedService - 항공권 생성 중 날짜 : 2025-10-31
2026-06-18 12:00:51.393 [http-nio-8080-exec-4] INFO  c.m.f.s.FlightOptionSeedService - 항공권 생성 중 날짜 : 2025-11-01
2026-06-18 12:00:51.393 [http-nio-8080-exec-4] INFO  c.m.f.s.FlightOptionSeedService - 항공권 생성 중 날짜 : 2025-11-02
2026-06-18 12:00:51.394 [http-nio-8080-exec-4] INFO  c.m.f.s.FlightOptionSeedService - 항공권 생성 중 날짜 : 2025-11-03
2026-06-18 12:00:51.394 [http-nio-8080-exec-4] INFO  c.m.f.s.FlightOptionSeedService - 항공권 생성 중 날짜 : 2025-11-04
2026-06-18 12:00:51.394 [http-nio-8080-exec-4] INFO  c.m.f.s.FlightOptionSeedService - 항공권 생성 중 날짜 : 2025-11-05
2026-06-18 12:00:51.394 [http-nio-8080-exec-4] INFO  c.m.f.s.FlightOptionSeedService - 항공권 생성 중 날짜 : 2025-11-06
2026-06-18 12:00:51.395 [http-nio-8080-exec-4] INFO  c.m.f.s.FlightOptionSeedService - 항공권 생성 중 날짜 : 2025-11-07
2026-06-18 12:00:51.395 [http-nio-8080-exec-4] INFO  c.m.f.s.FlightOptionSeedService - 항공권 생성 중 날짜 : 2025-11-08
2026-06-18 12:00:51.395 [http-nio-8080-exec-4] INFO  c.m.f.s.FlightOptionSeedService - 항공권 생성 중 날짜 : 2025-11-09
2026-06-18 12:00:51.395 [http-nio-8080-exec-4] INFO  c.m.f.s.FlightOptionSeedService - 항공권 생성 중 날짜 : 2025-11-10
2026-06-18 12:00:51.395 [http-nio-8080-exec-4] INFO  c.m.f.s.FlightOptionSeedService - 항공권 생성 중 날짜 : 2025-11-11
2026-06-18 12:00:51.396 [http-nio-8080-exec-4] INFO  c.m.f.s.FlightOptionSeedService - 항공권 생성 중 날짜 : 2025-11-12
2026-06-18 12:00:51.396 [http-nio-8080-exec-4] INFO  c.m.f.s.FlightOptionSeedService - 항공권 생성 중 날짜 : 2025-11-13
2026-06-18 12:00:51.397 [http-nio-8080-exec-4] INFO  c.m.f.s.FlightOptionSeedService - 항공권 생성 중 날짜 : 2025-11-14
2026-06-18 12:00:51.397 [http-nio-8080-exec-4] INFO  c.m.f.s.FlightOptionSeedService - 항공권 생성 중 날짜 : 2025-11-15
2026-06-18 12:00:51.397 [http-nio-8080-exec-4] INFO  c.m.f.s.FlightOptionSeedService - 항공권 생성 중 날짜 : 2025-11-16
2026-06-18 12:00:51.397 [http-nio-8080-exec-4] INFO  c.m.f.s.FlightOptionSeedService - 항공권 생성 중 날짜 : 2025-11-17
2026-06-18 12:00:51.397 [http-nio-8080-exec-4] INFO  c.m.f.s.FlightOptionSeedService - 항공권 생성 중 날짜 : 2025-11-18
2026-06-18 12:00:51.398 [http-nio-8080-exec-4] INFO  c.m.f.s.FlightOptionSeedService - 항공권 생성 중 날짜 : 2025-11-19
2026-06-18 12:00:51.398 [http-nio-8080-exec-4] INFO  c.m.f.s.FlightOptionSeedService - 항공권 생성 중 날짜 : 2025-11-20
2026-06-18 12:00:51.398 [http-nio-8080-exec-4] INFO  c.m.f.s.FlightOptionSeedService - 항공권 생성 중 날짜 : 2025-11-21
2026-06-18 12:00:51.398 [http-nio-8080-exec-4] INFO  c.m.f.s.FlightOptionSeedService - 항공권 생성 중 날짜 : 2025-11-22
2026-06-18 12:00:51.398 [http-nio-8080-exec-4] INFO  c.m.f.s.FlightOptionSeedService - 항공권 생성 중 날짜 : 2025-11-23
2026-06-18 12:00:51.398 [http-nio-8080-exec-4] INFO  c.m.f.s.FlightOptionSeedService - 항공권 생성 중 날짜 : 2025-11-24
2026-06-18 12:00:51.398 [http-nio-8080-exec-4] INFO  c.m.f.s.FlightOptionSeedService - 항공권 생성 중 날짜 : 2025-11-25
2026-06-18 12:00:51.399 [http-nio-8080-exec-4] INFO  c.m.f.s.FlightOptionSeedService - 항공권 생성 중 날짜 : 2025-11-26
2026-06-18 12:00:51.399 [http-nio-8080-exec-4] INFO  c.m.f.s.FlightOptionSeedService - 항공권 생성 중 날짜 : 2025-11-27
2026-06-18 12:00:51.399 [http-nio-8080-exec-4] INFO  c.m.f.s.FlightOptionSeedService - 항공권 생성 중 날짜 : 2025-11-28
2026-06-18 12:00:51.399 [http-nio-8080-exec-4] INFO  c.m.f.s.FlightOptionSeedService - 항공권 생성 중 날짜 : 2025-11-29
2026-06-18 12:00:51.399 [http-nio-8080-exec-4] INFO  c.m.f.s.FlightOptionSeedService - 항공권 생성 중 날짜 : 2025-11-30
2026-06-18 12:00:51.399 [http-nio-8080-exec-4] INFO  c.m.f.s.FlightOptionSeedService - 항공권 생성 중 날짜 : 2025-12-01
2026-06-18 12:00:51.399 [http-nio-8080-exec-4] INFO  c.m.f.s.FlightOptionSeedService - 항공권 범위 생성 완료 : 2025-10-01 ~ 2025-12-01, 생성 건수: 0
2026-06-18 12:01:00.562 [http-nio-8080-exec-5] INFO  c.m.f.s.FlightOptionSeedService - 항공권 후처리 시작 : 2026-06-07 ~ 2026-08-07 
2026-06-18 12:01:55.638 [http-nio-8080-exec-5] INFO  c.m.f.s.FlightOptionSeedService - 항공권 후처리 완료 : 2026-06-07 ~ 2026-08-07 
2026-06-18 12:02:17.850 [http-nio-8080-exec-7] INFO  c.m.f.s.FlightOptionSeedService - 항공권 후처리 시작 : 2026-06-01 ~ 2026-08-07 
2026-06-18 12:03:44.874 [http-nio-8080-exec-7] INFO  c.m.f.s.FlightOptionSeedService - 항공권 후처리 완료 : 2026-06-01 ~ 2026-08-07 
2026-06-18 12:50:47.367 [main] INFO  com.money.ExchangeApplication - Starting ExchangeApplication using Java 21.0.6 with PID 37512 (C:\Spring\exchange\build\classes\java\main started by perud in C:\Spring\exchange)
2026-06-18 12:50:47.370 [main] INFO  com.money.ExchangeApplication - No active profile set, falling back to 1 default profile: "default"
2026-06-18 12:50:48.335 [main] INFO  o.s.d.r.c.RepositoryConfigurationDelegate - Bootstrapping Spring Data JPA repositories in DEFAULT mode.
2026-06-18 12:50:48.458 [main] INFO  o.s.d.r.c.RepositoryConfigurationDelegate - Finished Spring Data repository scanning in 114 ms. Found 11 JPA repository interfaces.
2026-06-18 12:50:49.082 [main] INFO  o.s.boot.tomcat.TomcatWebServer - Tomcat initialized with port 8080 (http)
2026-06-18 12:50:49.098 [main] INFO  o.a.coyote.http11.Http11NioProtocol - Initializing ProtocolHandler ["http-nio-8080"]
2026-06-18 12:50:49.101 [main] INFO  o.a.catalina.core.StandardService - Starting service [Tomcat]
2026-06-18 12:50:49.101 [main] INFO  o.a.catalina.core.StandardEngine - Starting Servlet engine: [Apache Tomcat/11.0.15]
2026-06-18 12:50:49.184 [main] INFO  o.s.b.w.c.s.WebApplicationContextInitializer - Root WebApplicationContext: initialization completed in 1758 ms
2026-06-18 12:50:49.510 [main] INFO  org.hibernate.orm.jpa - HHH008540: Processing PersistenceUnitInfo [name: default]
2026-06-18 12:50:49.615 [main] INFO  org.hibernate.orm.core - HHH000001: Hibernate ORM core version 7.2.1.Final
2026-06-18 12:50:50.384 [main] INFO  o.s.o.j.p.SpringPersistenceUnitInfo - No LoadTimeWeaver setup: ignoring JPA class transformer
2026-06-18 12:50:50.426 [main] INFO  com.zaxxer.hikari.HikariDataSource - HikariPool-1 - Starting...
2026-06-18 12:50:50.558 [main] INFO  com.zaxxer.hikari.pool.HikariPool - HikariPool-1 - Added connection org.mariadb.jdbc.Connection@29f8134
2026-06-18 12:50:50.560 [main] INFO  com.zaxxer.hikari.HikariDataSource - HikariPool-1 - Start completed.
2026-06-18 12:50:50.643 [main] INFO  o.hibernate.orm.connections.pooling - HHH10001005: Database info:
	Database JDBC URL [jdbc:mariadb://localhost/exchange?user=perudeim&password=***]
	Database driver: MariaDB Connector/J
	Database dialect: MariaDBDialect
	Database version: 11.7.2
	Default catalog/schema: exchange/undefined
	Autocommit mode: undefined/unknown
	Isolation level: REPEATABLE_READ [default REPEATABLE_READ]
	JDBC fetch size: none
	Pool: DataSourceConnectionProvider
	Minimum pool size: undefined/unknown
	Maximum pool size: undefined/unknown
2026-06-18 12:50:52.042 [main] INFO  org.hibernate.orm.core - HHH000489: No JTA platform available (set 'hibernate.transaction.jta.platform' to enable JTA platform integration)
2026-06-18 12:50:52.045 [main] INFO  org.hibernate.orm.jdbc.batch - HHH100501: Automatic JDBC statement batching enabled (maximum batch size 1000)
2026-06-18 12:50:52.338 [main] INFO  o.s.o.j.LocalContainerEntityManagerFactoryBean - Initialized JPA EntityManagerFactory for persistence unit 'default'
2026-06-18 12:50:52.441 [main] INFO  o.s.d.j.r.q.QueryEnhancerFactories - Hibernate is in classpath; If applicable, HQL parser will be used.
2026-06-18 12:50:53.552 [main] INFO  c.m.e.scheduler.RateHistoryScheduler - 서버 시작 시 최근 환율 데이터 저장 시작
2026-06-18 12:50:54.425 [main] INFO  c.m.e.s.RateHistoryImportService - 환율 데이터 수집 완료. currencyCode=USD, days=7
2026-06-18 12:50:54.564 [main] INFO  c.m.e.s.RateHistoryImportService - 환율 데이터 수집 완료. currencyCode=JPY, days=7
2026-06-18 12:50:54.695 [main] INFO  c.m.e.s.RateHistoryImportService - 환율 데이터 수집 완료. currencyCode=EUR, days=7
2026-06-18 12:50:54.838 [main] INFO  c.m.e.s.RateHistoryImportService - 환율 데이터 수집 완료. currencyCode=CNY, days=7
2026-06-18 12:50:55.039 [main] INFO  c.m.e.s.RateHistoryImportService - 환율 데이터 수집 완료. currencyCode=GBP, days=7
2026-06-18 12:50:55.195 [main] INFO  c.m.e.s.RateHistoryImportService - 환율 데이터 수집 완료. currencyCode=AUD, days=7
2026-06-18 12:50:55.314 [main] INFO  c.m.e.s.RateHistoryImportService - 환율 데이터 수집 완료. currencyCode=CAD, days=7
2026-06-18 12:50:55.456 [main] INFO  c.m.e.s.RateHistoryImportService - 환율 데이터 수집 완료. currencyCode=CHF, days=7
2026-06-18 12:50:55.599 [main] INFO  c.m.e.s.RateHistoryImportService - 환율 데이터 수집 완료. currencyCode=HKD, days=7
2026-06-18 12:50:55.777 [main] INFO  c.m.e.s.RateHistoryImportService - 환율 데이터 수집 완료. currencyCode=SGD, days=7
2026-06-18 12:50:55.927 [main] INFO  c.m.e.s.RateHistoryImportService - 환율 데이터 수집 완료. currencyCode=THB, days=7
2026-06-18 12:50:56.043 [main] INFO  c.m.e.s.RateHistoryImportService - 환율 데이터 수집 완료. currencyCode=MYR, days=7
2026-06-18 12:50:56.190 [main] INFO  c.m.e.s.RateHistoryImportService - 환율 데이터 수집 완료. currencyCode=IDR, days=7
2026-06-18 12:50:56.330 [main] INFO  c.m.e.s.RateHistoryImportService - 환율 데이터 수집 완료. currencyCode=PHP, days=7
2026-06-18 12:50:56.494 [main] INFO  c.m.e.s.RateHistoryImportService - 환율 데이터 수집 완료. currencyCode=VND, days=7
2026-06-18 12:50:56.623 [main] INFO  c.m.e.s.RateHistoryImportService - 환율 데이터 수집 완료. currencyCode=TWD, days=7
2026-06-18 12:50:56.767 [main] INFO  c.m.e.s.RateHistoryImportService - 환율 데이터 수집 완료. currencyCode=NZD, days=7
2026-06-18 12:50:56.902 [main] INFO  c.m.e.s.RateHistoryImportService - 환율 데이터 수집 완료. currencyCode=SEK, days=7
2026-06-18 12:50:57.082 [main] INFO  c.m.e.s.RateHistoryImportService - 환율 데이터 수집 완료. currencyCode=NOK, days=7
2026-06-18 12:50:57.223 [main] INFO  c.m.e.s.RateHistoryImportService - 환율 데이터 수집 완료. currencyCode=DKK, days=7
2026-06-18 12:50:57.348 [main] INFO  c.m.e.s.RateHistoryImportService - 환율 데이터 수집 완료. currencyCode=AED, days=7
2026-06-18 12:50:57.485 [main] INFO  c.m.e.s.RateHistoryImportService - 환율 데이터 수집 완료. currencyCode=SAR, days=7
2026-06-18 12:50:57.625 [main] INFO  c.m.e.s.RateHistoryImportService - 환율 데이터 수집 완료. currencyCode=KWD, days=7
2026-06-18 12:50:57.793 [main] INFO  c.m.e.s.RateHistoryImportService - 환율 데이터 수집 완료. currencyCode=BHD, days=7
2026-06-18 12:50:57.793 [main] INFO  c.m.e.s.RateHistoryImportService - 최근 환율 데이터 수집 종료. days=7
2026-06-18 12:50:57.806 [main] INFO  c.m.e.scheduler.RateHistoryScheduler - 서버 시작 시 최근 환율 데이터 저장 완료
2026-06-18 12:50:58.391 [main] WARN  o.s.b.j.a.JpaBaseConfiguration$JpaWebConfiguration - spring.jpa.open-in-view is enabled by default. Therefore, database queries may be performed during view rendering. Explicitly configure spring.jpa.open-in-view to disable this warning
2026-06-18 12:50:58.853 [main] INFO  o.a.coyote.http11.Http11NioProtocol - Starting ProtocolHandler ["http-nio-8080"]
2026-06-18 12:50:58.890 [main] INFO  o.s.boot.tomcat.TomcatWebServer - Tomcat started on port 8080 (http) with context path '/'
2026-06-18 12:50:58.902 [main] INFO  com.money.ExchangeApplication - Started ExchangeApplication in 12.207 seconds (process running for 12.654)
2026-06-18 12:51:46.336 [http-nio-8080-exec-1] INFO  o.a.c.c.C.[Tomcat].[localhost].[/] - Initializing Spring DispatcherServlet 'dispatcherServlet'
2026-06-18 12:51:46.336 [http-nio-8080-exec-1] INFO  o.s.web.servlet.DispatcherServlet - Initializing Servlet 'dispatcherServlet'
2026-06-18 12:51:46.338 [http-nio-8080-exec-1] INFO  o.s.web.servlet.DispatcherServlet - Completed initialization in 2 ms
2026-06-18 12:51:53.691 [http-nio-8080-exec-5] INFO  c.m.f.s.FlightOptionSeedService - 항공권 후처리 시작 : 2025-05-01 ~ 2026-05-07 
2026-06-18 12:56:33.901 [http-nio-8080-exec-5] INFO  c.m.f.s.FlightOptionSeedService - 항공권 후처리 완료 : 2025-05-01 ~ 2026-05-07 
2026-06-18 12:56:58.003 [http-nio-8080-exec-6] INFO  c.m.f.s.FlightOptionSeedService - 항공권 후처리 시작 : 2026-05-07 ~ 2026-09-01 
2026-06-18 12:58:10.685 [http-nio-8080-exec-6] INFO  c.m.f.s.FlightOptionSeedService - 항공권 후처리 완료 : 2026-05-07 ~ 2026-09-01 
2026-06-18 13:13:26.508 [main] INFO  com.money.ExchangeApplication - Starting ExchangeApplication using Java 21.0.6 with PID 21836 (C:\Spring\exchange\build\classes\java\main started by perud in C:\Spring\exchange)
2026-06-18 13:13:26.517 [main] INFO  com.money.ExchangeApplication - No active profile set, falling back to 1 default profile: "default"
2026-06-18 13:13:27.510 [main] INFO  o.s.d.r.c.RepositoryConfigurationDelegate - Bootstrapping Spring Data JPA repositories in DEFAULT mode.
2026-06-18 13:13:27.645 [main] INFO  o.s.d.r.c.RepositoryConfigurationDelegate - Finished Spring Data repository scanning in 119 ms. Found 11 JPA repository interfaces.
2026-06-18 13:13:28.266 [main] INFO  o.s.boot.tomcat.TomcatWebServer - Tomcat initialized with port 8080 (http)
2026-06-18 13:13:28.281 [main] INFO  o.a.coyote.http11.Http11NioProtocol - Initializing ProtocolHandler ["http-nio-8080"]
2026-06-18 13:13:28.286 [main] INFO  o.a.catalina.core.StandardService - Starting service [Tomcat]
2026-06-18 13:13:28.286 [main] INFO  o.a.catalina.core.StandardEngine - Starting Servlet engine: [Apache Tomcat/11.0.15]
2026-06-18 13:13:28.398 [main] INFO  o.s.b.w.c.s.WebApplicationContextInitializer - Root WebApplicationContext: initialization completed in 1820 ms
2026-06-18 13:13:28.728 [main] INFO  org.hibernate.orm.jpa - HHH008540: Processing PersistenceUnitInfo [name: default]
2026-06-18 13:13:28.838 [main] INFO  org.hibernate.orm.core - HHH000001: Hibernate ORM core version 7.2.1.Final
2026-06-18 13:13:29.628 [main] INFO  o.s.o.j.p.SpringPersistenceUnitInfo - No LoadTimeWeaver setup: ignoring JPA class transformer
2026-06-18 13:13:29.686 [main] INFO  com.zaxxer.hikari.HikariDataSource - HikariPool-1 - Starting...
2026-06-18 13:13:29.924 [main] INFO  com.zaxxer.hikari.pool.HikariPool - HikariPool-1 - Added connection org.mariadb.jdbc.Connection@5aac6f9f
2026-06-18 13:13:29.930 [main] INFO  com.zaxxer.hikari.HikariDataSource - HikariPool-1 - Start completed.
2026-06-18 13:13:30.083 [main] INFO  o.hibernate.orm.connections.pooling - HHH10001005: Database info:
	Database JDBC URL [jdbc:mariadb://localhost/exchange?user=perudeim&password=***]
	Database driver: MariaDB Connector/J
	Database dialect: MariaDBDialect
	Database version: 11.7.2
	Default catalog/schema: exchange/undefined
	Autocommit mode: undefined/unknown
	Isolation level: REPEATABLE_READ [default REPEATABLE_READ]
	JDBC fetch size: none
	Pool: DataSourceConnectionProvider
	Minimum pool size: undefined/unknown
	Maximum pool size: undefined/unknown
2026-06-18 13:13:31.975 [main] INFO  org.hibernate.orm.core - HHH000489: No JTA platform available (set 'hibernate.transaction.jta.platform' to enable JTA platform integration)
2026-06-18 13:13:31.983 [main] INFO  org.hibernate.orm.jdbc.batch - HHH100501: Automatic JDBC statement batching enabled (maximum batch size 1000)
2026-06-18 13:13:32.305 [main] INFO  o.s.o.j.LocalContainerEntityManagerFactoryBean - Initialized JPA EntityManagerFactory for persistence unit 'default'
2026-06-18 13:13:32.417 [main] INFO  o.s.d.j.r.q.QueryEnhancerFactories - Hibernate is in classpath; If applicable, HQL parser will be used.
2026-06-18 13:13:33.472 [main] INFO  c.m.e.scheduler.RateHistoryScheduler - 서버 시작 시 최근 환율 데이터 저장 시작
2026-06-18 13:13:34.463 [main] INFO  c.m.e.s.RateHistoryImportService - 환율 데이터 수집 완료. currencyCode=USD, days=7
2026-06-18 13:13:34.690 [main] INFO  c.m.e.s.RateHistoryImportService - 환율 데이터 수집 완료. currencyCode=JPY, days=7
2026-06-18 13:13:34.873 [main] INFO  c.m.e.s.RateHistoryImportService - 환율 데이터 수집 완료. currencyCode=EUR, days=7
2026-06-18 13:13:35.009 [main] INFO  c.m.e.s.RateHistoryImportService - 환율 데이터 수집 완료. currencyCode=CNY, days=7
2026-06-18 13:13:35.147 [main] INFO  c.m.e.s.RateHistoryImportService - 환율 데이터 수집 완료. currencyCode=GBP, days=7
2026-06-18 13:13:35.280 [main] INFO  c.m.e.s.RateHistoryImportService - 환율 데이터 수집 완료. currencyCode=AUD, days=7
2026-06-18 13:13:35.403 [main] INFO  c.m.e.s.RateHistoryImportService - 환율 데이터 수집 완료. currencyCode=CAD, days=7
2026-06-18 13:13:35.551 [main] INFO  c.m.e.s.RateHistoryImportService - 환율 데이터 수집 완료. currencyCode=CHF, days=7
2026-06-18 13:13:35.691 [main] INFO  c.m.e.s.RateHistoryImportService - 환율 데이터 수집 완료. currencyCode=HKD, days=7
2026-06-18 13:13:35.828 [main] INFO  c.m.e.s.RateHistoryImportService - 환율 데이터 수집 완료. currencyCode=SGD, days=7
2026-06-18 13:13:35.960 [main] INFO  c.m.e.s.RateHistoryImportService - 환율 데이터 수집 완료. currencyCode=THB, days=7
2026-06-18 13:13:36.086 [main] INFO  c.m.e.s.RateHistoryImportService - 환율 데이터 수집 완료. currencyCode=MYR, days=7
2026-06-18 13:13:36.211 [main] INFO  c.m.e.s.RateHistoryImportService - 환율 데이터 수집 완료. currencyCode=IDR, days=7
2026-06-18 13:13:36.338 [main] INFO  c.m.e.s.RateHistoryImportService - 환율 데이터 수집 완료. currencyCode=PHP, days=7
2026-06-18 13:13:36.469 [main] INFO  c.m.e.s.RateHistoryImportService - 환율 데이터 수집 완료. currencyCode=VND, days=7
2026-06-18 13:13:36.587 [main] INFO  c.m.e.s.RateHistoryImportService - 환율 데이터 수집 완료. currencyCode=TWD, days=7
2026-06-18 13:13:36.724 [main] INFO  c.m.e.s.RateHistoryImportService - 환율 데이터 수집 완료. currencyCode=NZD, days=7
2026-06-18 13:13:36.851 [main] INFO  c.m.e.s.RateHistoryImportService - 환율 데이터 수집 완료. currencyCode=SEK, days=7
2026-06-18 13:13:36.971 [main] INFO  c.m.e.s.RateHistoryImportService - 환율 데이터 수집 완료. currencyCode=NOK, days=7
2026-06-18 13:13:37.090 [main] INFO  c.m.e.s.RateHistoryImportService - 환율 데이터 수집 완료. currencyCode=DKK, days=7
2026-06-18 13:13:37.212 [main] INFO  c.m.e.s.RateHistoryImportService - 환율 데이터 수집 완료. currencyCode=AED, days=7
2026-06-18 13:13:37.336 [main] INFO  c.m.e.s.RateHistoryImportService - 환율 데이터 수집 완료. currencyCode=SAR, days=7
2026-06-18 13:13:37.448 [main] INFO  c.m.e.s.RateHistoryImportService - 환율 데이터 수집 완료. currencyCode=KWD, days=7
2026-06-18 13:13:37.568 [main] INFO  c.m.e.s.RateHistoryImportService - 환율 데이터 수집 완료. currencyCode=BHD, days=7
2026-06-18 13:13:37.568 [main] INFO  c.m.e.s.RateHistoryImportService - 최근 환율 데이터 수집 종료. days=7
2026-06-18 13:13:37.573 [main] INFO  c.m.e.scheduler.RateHistoryScheduler - 서버 시작 시 최근 환율 데이터 저장 완료
2026-06-18 13:13:38.228 [main] WARN  o.s.b.j.a.JpaBaseConfiguration$JpaWebConfiguration - spring.jpa.open-in-view is enabled by default. Therefore, database queries may be performed during view rendering. Explicitly configure spring.jpa.open-in-view to disable this warning
2026-06-18 13:13:38.704 [main] INFO  o.a.coyote.http11.Http11NioProtocol - Starting ProtocolHandler ["http-nio-8080"]
2026-06-18 13:13:38.739 [main] INFO  o.s.boot.tomcat.TomcatWebServer - Tomcat started on port 8080 (http) with context path '/'
2026-06-18 13:13:38.754 [main] INFO  com.money.ExchangeApplication - Started ExchangeApplication in 12.903 seconds (process running for 13.351)
2026-06-18 13:13:39.098 [main] INFO  o.s.b.a.l.ConditionEvaluationReportLogger - 

Error starting ApplicationContext. To display the condition evaluation report re-run your application with 'debug' enabled.
2026-06-18 13:13:39.121 [main] ERROR o.s.boot.SpringApplication - Application run failed
java.lang.IllegalArgumentException: No enum constant com.money.flight.enums.RouteConnectionPolicy.DIRECT_ON65LY
	at java.base/java.lang.Enum.valueOf(Enum.java:293)
	at com.money.flight.enums.RouteConnectionPolicy.valueOf(RouteConnectionPolicy.java:3)
	at com.money.flight.config.FlightDataInitializer.initRoutesFromCsv(FlightDataInitializer.java:106)
	at com.money.flight.config.FlightDataInitializer.run(FlightDataInitializer.java:37)
	at java.base/jdk.internal.reflect.DirectMethodHandleAccessor.invoke(DirectMethodHandleAccessor.java:103)
	at java.base/java.lang.reflect.Method.invoke(Method.java:580)
	at org.springframework.aop.support.AopUtils.invokeJoinpointUsingReflection(AopUtils.java:359)
	at org.springframework.aop.framework.ReflectiveMethodInvocation.invokeJoinpoint(ReflectiveMethodInvocation.java:190)
	at org.springframework.aop.framework.ReflectiveMethodInvocation.proceed(ReflectiveMethodInvocation.java:158)
	at org.springframework.transaction.interceptor.TransactionInterceptor$1.proceedWithInvocation(TransactionInterceptor.java:133)
	at org.springframework.transaction.interceptor.TransactionAspectSupport.invokeWithinTransaction(TransactionAspectSupport.java:371)
	at org.springframework.transaction.interceptor.TransactionInterceptor.invoke(TransactionInterceptor.java:130)
	at org.springframework.aop.framework.ReflectiveMethodInvocation.proceed(ReflectiveMethodInvocation.java:179)
	at org.springframework.aop.framework.CglibAopProxy$DynamicAdvisedInterceptor.intercept(CglibAopProxy.java:719)
	at com.money.flight.config.FlightDataInitializer$$SpringCGLIB$$0.run(<generated>)
	at org.springframework.boot.SpringApplication.lambda$callRunner$1(SpringApplication.java:792)
	at org.springframework.util.function.ThrowingConsumer$1.acceptWithException(ThrowingConsumer.java:82)
	at org.springframework.util.function.ThrowingConsumer.accept(ThrowingConsumer.java:60)
	at org.springframework.util.function.ThrowingConsumer$1.accept(ThrowingConsumer.java:86)
	at org.springframework.boot.SpringApplication.callRunner(SpringApplication.java:800)
	at org.springframework.boot.SpringApplication.callRunner(SpringApplication.java:791)
	at org.springframework.boot.SpringApplication.lambda$callRunners$0(SpringApplication.java:776)
	at java.base/java.util.stream.ForEachOps$ForEachOp$OfRef.accept(ForEachOps.java:184)
	at java.base/java.util.stream.SortedOps$SizedRefSortingSink.end(SortedOps.java:357)
	at java.base/java.util.stream.AbstractPipeline.copyInto(AbstractPipeline.java:510)
	at java.base/java.util.stream.AbstractPipeline.wrapAndCopyInto(AbstractPipeline.java:499)
	at java.base/java.util.stream.ForEachOps$ForEachOp.evaluateSequential(ForEachOps.java:151)
	at java.base/java.util.stream.ForEachOps$ForEachOp$OfRef.evaluateSequential(ForEachOps.java:174)
	at java.base/java.util.stream.AbstractPipeline.evaluate(AbstractPipeline.java:234)
	at java.base/java.util.stream.ReferencePipeline.forEach(ReferencePipeline.java:596)
	at org.springframework.boot.SpringApplication.callRunners(SpringApplication.java:776)
	at org.springframework.boot.SpringApplication.run(SpringApplication.java:328)
	at org.springframework.boot.SpringApplication.run(SpringApplication.java:1365)
	at org.springframework.boot.SpringApplication.run(SpringApplication.java:1354)
	at com.money.ExchangeApplication.main(ExchangeApplication.java:13)
2026-06-18 13:13:39.136 [main] INFO  o.s.boot.tomcat.GracefulShutdown - Commencing graceful shutdown. Waiting for active requests to complete
2026-06-18 13:13:39.146 [tomcat-shutdown] INFO  o.s.boot.tomcat.GracefulShutdown - Graceful shutdown complete
2026-06-18 13:13:39.151 [main] INFO  o.s.o.j.LocalContainerEntityManagerFactoryBean - Closing JPA EntityManagerFactory for persistence unit 'default'
2026-06-18 13:13:39.159 [main] INFO  com.zaxxer.hikari.HikariDataSource - HikariPool-1 - Shutdown initiated...
2026-06-18 13:13:39.174 [main] INFO  com.zaxxer.hikari.HikariDataSource - HikariPool-1 - Shutdown completed.
2026-06-18 13:15:27.335 [main] INFO  com.money.ExchangeApplication - Starting ExchangeApplication using Java 21.0.6 with PID 15500 (C:\Spring\exchange\build\classes\java\main started by perud in C:\Spring\exchange)
2026-06-18 13:15:27.338 [main] INFO  com.money.ExchangeApplication - No active profile set, falling back to 1 default profile: "default"
2026-06-18 13:15:28.407 [main] INFO  o.s.d.r.c.RepositoryConfigurationDelegate - Bootstrapping Spring Data JPA repositories in DEFAULT mode.
2026-06-18 13:15:28.534 [main] INFO  o.s.d.r.c.RepositoryConfigurationDelegate - Finished Spring Data repository scanning in 116 ms. Found 11 JPA repository interfaces.
2026-06-18 13:15:29.356 [main] INFO  o.s.boot.tomcat.TomcatWebServer - Tomcat initialized with port 8080 (http)
2026-06-18 13:15:29.379 [main] INFO  o.a.coyote.http11.Http11NioProtocol - Initializing ProtocolHandler ["http-nio-8080"]
2026-06-18 13:15:29.385 [main] INFO  o.a.catalina.core.StandardService - Starting service [Tomcat]
2026-06-18 13:15:29.385 [main] INFO  o.a.catalina.core.StandardEngine - Starting Servlet engine: [Apache Tomcat/11.0.15]
2026-06-18 13:15:29.534 [main] INFO  o.s.b.w.c.s.WebApplicationContextInitializer - Root WebApplicationContext: initialization completed in 2136 ms
2026-06-18 13:15:30.164 [main] INFO  org.hibernate.orm.jpa - HHH008540: Processing PersistenceUnitInfo [name: default]
2026-06-18 13:15:30.390 [main] INFO  org.hibernate.orm.core - HHH000001: Hibernate ORM core version 7.2.1.Final
2026-06-18 13:15:31.550 [main] INFO  o.s.o.j.p.SpringPersistenceUnitInfo - No LoadTimeWeaver setup: ignoring JPA class transformer
2026-06-18 13:15:31.614 [main] INFO  com.zaxxer.hikari.HikariDataSource - HikariPool-1 - Starting...
2026-06-18 13:15:31.792 [main] INFO  com.zaxxer.hikari.pool.HikariPool - HikariPool-1 - Added connection org.mariadb.jdbc.Connection@1e95f584
2026-06-18 13:15:31.795 [main] INFO  com.zaxxer.hikari.HikariDataSource - HikariPool-1 - Start completed.
2026-06-18 13:15:31.908 [main] INFO  o.hibernate.orm.connections.pooling - HHH10001005: Database info:
	Database JDBC URL [jdbc:mariadb://localhost/exchange?user=perudeim&password=***]
	Database driver: MariaDB Connector/J
	Database dialect: MariaDBDialect
	Database version: 11.7.2
	Default catalog/schema: exchange/undefined
	Autocommit mode: undefined/unknown
	Isolation level: REPEATABLE_READ [default REPEATABLE_READ]
	JDBC fetch size: none
	Pool: DataSourceConnectionProvider
	Minimum pool size: undefined/unknown
	Maximum pool size: undefined/unknown
2026-06-18 13:15:33.897 [main] INFO  org.hibernate.orm.core - HHH000489: No JTA platform available (set 'hibernate.transaction.jta.platform' to enable JTA platform integration)
2026-06-18 13:15:33.910 [main] INFO  org.hibernate.orm.jdbc.batch - HHH100501: Automatic JDBC statement batching enabled (maximum batch size 1000)
2026-06-18 13:15:34.246 [main] INFO  o.s.o.j.LocalContainerEntityManagerFactoryBean - Initialized JPA EntityManagerFactory for persistence unit 'default'
2026-06-18 13:15:34.393 [main] INFO  o.s.d.j.r.q.QueryEnhancerFactories - Hibernate is in classpath; If applicable, HQL parser will be used.
2026-06-18 13:15:35.720 [main] INFO  c.m.e.scheduler.RateHistoryScheduler - 서버 시작 시 최근 환율 데이터 저장 시작
2026-06-18 13:15:36.862 [main] INFO  c.m.e.s.RateHistoryImportService - 환율 데이터 수집 완료. currencyCode=USD, days=7
2026-06-18 13:15:37.011 [main] INFO  c.m.e.s.RateHistoryImportService - 환율 데이터 수집 완료. currencyCode=JPY, days=7
2026-06-18 13:15:37.145 [main] INFO  c.m.e.s.RateHistoryImportService - 환율 데이터 수집 완료. currencyCode=EUR, days=7
2026-06-18 13:15:37.277 [main] INFO  c.m.e.s.RateHistoryImportService - 환율 데이터 수집 완료. currencyCode=CNY, days=7
2026-06-18 13:15:37.430 [main] INFO  c.m.e.s.RateHistoryImportService - 환율 데이터 수집 완료. currencyCode=GBP, days=7
2026-06-18 13:15:37.555 [main] INFO  c.m.e.s.RateHistoryImportService - 환율 데이터 수집 완료. currencyCode=AUD, days=7
2026-06-18 13:15:37.689 [main] INFO  c.m.e.s.RateHistoryImportService - 환율 데이터 수집 완료. currencyCode=CAD, days=7
2026-06-18 13:15:37.810 [main] INFO  c.m.e.s.RateHistoryImportService - 환율 데이터 수집 완료. currencyCode=CHF, days=7
2026-06-18 13:15:37.926 [main] INFO  c.m.e.s.RateHistoryImportService - 환율 데이터 수집 완료. currencyCode=HKD, days=7
2026-06-18 13:15:38.049 [main] INFO  c.m.e.s.RateHistoryImportService - 환율 데이터 수집 완료. currencyCode=SGD, days=7
2026-06-18 13:15:38.162 [main] INFO  c.m.e.s.RateHistoryImportService - 환율 데이터 수집 완료. currencyCode=THB, days=7
2026-06-18 13:15:38.285 [main] INFO  c.m.e.s.RateHistoryImportService - 환율 데이터 수집 완료. currencyCode=MYR, days=7
2026-06-18 13:15:38.404 [main] INFO  c.m.e.s.RateHistoryImportService - 환율 데이터 수집 완료. currencyCode=IDR, days=7
2026-06-18 13:15:38.608 [main] INFO  c.m.e.s.RateHistoryImportService - 환율 데이터 수집 완료. currencyCode=PHP, days=7
2026-06-18 13:15:38.724 [main] INFO  c.m.e.s.RateHistoryImportService - 환율 데이터 수집 완료. currencyCode=VND, days=7
2026-06-18 13:15:38.851 [main] INFO  c.m.e.s.RateHistoryImportService - 환율 데이터 수집 완료. currencyCode=TWD, days=7
2026-06-18 13:15:39.049 [main] INFO  c.m.e.s.RateHistoryImportService - 환율 데이터 수집 완료. currencyCode=NZD, days=7
2026-06-18 13:15:39.208 [main] INFO  c.m.e.s.RateHistoryImportService - 환율 데이터 수집 완료. currencyCode=SEK, days=7
2026-06-18 13:15:39.336 [main] INFO  c.m.e.s.RateHistoryImportService - 환율 데이터 수집 완료. currencyCode=NOK, days=7
2026-06-18 13:15:39.456 [main] INFO  c.m.e.s.RateHistoryImportService - 환율 데이터 수집 완료. currencyCode=DKK, days=7
2026-06-18 13:15:39.605 [main] INFO  c.m.e.s.RateHistoryImportService - 환율 데이터 수집 완료. currencyCode=AED, days=7
2026-06-18 13:15:39.731 [main] INFO  c.m.e.s.RateHistoryImportService - 환율 데이터 수집 완료. currencyCode=SAR, days=7
2026-06-18 13:15:39.872 [main] INFO  c.m.e.s.RateHistoryImportService - 환율 데이터 수집 완료. currencyCode=KWD, days=7
2026-06-18 13:15:39.998 [main] INFO  c.m.e.s.RateHistoryImportService - 환율 데이터 수집 완료. currencyCode=BHD, days=7
2026-06-18 13:15:39.998 [main] INFO  c.m.e.s.RateHistoryImportService - 최근 환율 데이터 수집 종료. days=7
2026-06-18 13:15:40.004 [main] INFO  c.m.e.scheduler.RateHistoryScheduler - 서버 시작 시 최근 환율 데이터 저장 완료
2026-06-18 13:15:40.834 [main] WARN  o.s.b.j.a.JpaBaseConfiguration$JpaWebConfiguration - spring.jpa.open-in-view is enabled by default. Therefore, database queries may be performed during view rendering. Explicitly configure spring.jpa.open-in-view to disable this warning
2026-06-18 13:15:41.573 [main] INFO  o.a.coyote.http11.Http11NioProtocol - Starting ProtocolHandler ["http-nio-8080"]
2026-06-18 13:15:41.620 [main] INFO  o.s.boot.tomcat.TomcatWebServer - Tomcat started on port 8080 (http) with context path '/'
2026-06-18 13:15:41.636 [main] INFO  com.money.ExchangeApplication - Started ExchangeApplication in 15.018 seconds (process running for 15.493)
2026-06-18 13:15:49.254 [http-nio-8080-exec-1] INFO  o.a.c.c.C.[Tomcat].[localhost].[/] - Initializing Spring DispatcherServlet 'dispatcherServlet'
2026-06-18 13:15:49.256 [http-nio-8080-exec-1] INFO  o.s.web.servlet.DispatcherServlet - Initializing Servlet 'dispatcherServlet'
2026-06-18 13:15:49.258 [http-nio-8080-exec-1] INFO  o.s.web.servlet.DispatcherServlet - Completed initialization in 2 ms
2026-06-18 13:15:49.369 [http-nio-8080-exec-1] INFO  c.m.f.s.FlightOptionSeedService - 항공권 범위 생성 시작 : 2026-08-01 ~ 2026-08-31
2026-06-18 13:15:50.171 [http-nio-8080-exec-1] INFO  c.m.f.s.FlightOptionSeedService - 항공권 생성 중 날짜 : 2026-08-01
2026-06-18 13:15:50.173 [http-nio-8080-exec-1] INFO  c.m.f.s.FlightOptionSeedService - 항공권 생성 중 날짜 : 2026-08-02
2026-06-18 13:15:52.848 [http-nio-8080-exec-1] INFO  c.m.f.s.FlightOptionSeedService - 항공권 batch 저장 완료 : 1025건 
2026-06-18 13:15:55.080 [http-nio-8080-exec-1] INFO  c.m.f.s.FlightOptionSeedService - 항공권 batch 저장 완료 : 1009건 
2026-06-18 13:15:56.753 [http-nio-8080-exec-1] INFO  c.m.f.s.FlightOptionSeedService - 항공권 batch 저장 완료 : 1007건 
2026-06-18 13:15:58.326 [http-nio-8080-exec-1] INFO  c.m.f.s.FlightOptionSeedService - 항공권 batch 저장 완료 : 1012건 
2026-06-18 13:15:58.327 [http-nio-8080-exec-1] INFO  c.m.f.s.FlightOptionSeedService - 항공권 생성 중 날짜 : 2026-08-03
2026-06-18 13:15:59.430 [http-nio-8080-exec-1] INFO  c.m.f.s.FlightOptionSeedService - 항공권 batch 저장 완료 : 1021건 
2026-06-18 13:16:01.304 [http-nio-8080-exec-1] INFO  c.m.f.s.FlightOptionSeedService - 항공권 batch 저장 완료 : 1025건 
2026-06-18 13:16:02.565 [http-nio-8080-exec-1] INFO  c.m.f.s.FlightOptionSeedService - 항공권 batch 저장 완료 : 1012건 
2026-06-18 13:16:03.870 [http-nio-8080-exec-1] INFO  c.m.f.s.FlightOptionSeedService - 항공권 batch 저장 완료 : 1015건 
2026-06-18 13:16:05.168 [http-nio-8080-exec-1] INFO  c.m.f.s.FlightOptionSeedService - 항공권 batch 저장 완료 : 1026건 
2026-06-18 13:16:05.169 [http-nio-8080-exec-1] INFO  c.m.f.s.FlightOptionSeedService - 항공권 생성 중 날짜 : 2026-08-04
2026-06-18 13:16:06.286 [http-nio-8080-exec-1] INFO  c.m.f.s.FlightOptionSeedService - 항공권 batch 저장 완료 : 1000건 
2026-06-18 13:16:07.687 [http-nio-8080-exec-1] INFO  c.m.f.s.FlightOptionSeedService - 항공권 batch 저장 완료 : 1006건 
2026-06-18 13:16:08.898 [http-nio-8080-exec-1] INFO  c.m.f.s.FlightOptionSeedService - 항공권 batch 저장 완료 : 1017건 
2026-06-18 13:16:10.317 [http-nio-8080-exec-1] INFO  c.m.f.s.FlightOptionSeedService - 항공권 batch 저장 완료 : 1014건 
2026-06-18 13:16:10.319 [http-nio-8080-exec-1] INFO  c.m.f.s.FlightOptionSeedService - 항공권 생성 중 날짜 : 2026-08-05
2026-06-18 13:16:11.445 [http-nio-8080-exec-1] INFO  c.m.f.s.FlightOptionSeedService - 항공권 batch 저장 완료 : 1014건 
2026-06-18 13:16:12.711 [http-nio-8080-exec-1] INFO  c.m.f.s.FlightOptionSeedService - 항공권 batch 저장 완료 : 1001건 
2026-06-18 13:16:14.173 [http-nio-8080-exec-1] INFO  c.m.f.s.FlightOptionSeedService - 항공권 batch 저장 완료 : 1005건 
2026-06-18 13:16:15.812 [http-nio-8080-exec-1] INFO  c.m.f.s.FlightOptionSeedService - 항공권 batch 저장 완료 : 1020건 
2026-06-18 13:16:17.495 [http-nio-8080-exec-1] INFO  c.m.f.s.FlightOptionSeedService - 항공권 batch 저장 완료 : 1002건 
2026-06-18 13:16:17.497 [http-nio-8080-exec-1] INFO  c.m.f.s.FlightOptionSeedService - 항공권 생성 중 날짜 : 2026-08-06
2026-06-18 13:16:18.537 [http-nio-8080-exec-1] INFO  c.m.f.s.FlightOptionSeedService - 항공권 batch 저장 완료 : 1012건 
2026-06-18 13:16:20.060 [http-nio-8080-exec-1] INFO  c.m.f.s.FlightOptionSeedService - 항공권 batch 저장 완료 : 1002건 
2026-06-18 13:16:21.222 [http-nio-8080-exec-1] INFO  c.m.f.s.FlightOptionSeedService - 항공권 batch 저장 완료 : 1008건 
2026-06-18 13:16:22.593 [http-nio-8080-exec-1] INFO  c.m.f.s.FlightOptionSeedService - 항공권 batch 저장 완료 : 1004건 
2026-06-18 13:16:22.595 [http-nio-8080-exec-1] INFO  c.m.f.s.FlightOptionSeedService - 항공권 생성 중 날짜 : 2026-08-07
2026-06-18 13:16:23.786 [http-nio-8080-exec-1] INFO  c.m.f.s.FlightOptionSeedService - 항공권 batch 저장 완료 : 1007건 
2026-06-18 13:16:25.029 [http-nio-8080-exec-1] INFO  c.m.f.s.FlightOptionSeedService - 항공권 batch 저장 완료 : 1002건 
2026-06-18 13:16:26.268 [http-nio-8080-exec-1] INFO  c.m.f.s.FlightOptionSeedService - 항공권 batch 저장 완료 : 1004건 
2026-06-18 13:16:28.503 [http-nio-8080-exec-1] INFO  c.m.f.s.FlightOptionSeedService - 항공권 batch 저장 완료 : 1000건 
2026-06-18 13:16:31.071 [http-nio-8080-exec-1] INFO  c.m.f.s.FlightOptionSeedService - 항공권 batch 저장 완료 : 1003건 
2026-06-18 13:16:31.072 [http-nio-8080-exec-1] INFO  c.m.f.s.FlightOptionSeedService - 항공권 생성 중 날짜 : 2026-08-08
2026-06-18 13:16:32.220 [http-nio-8080-exec-1] INFO  c.m.f.s.FlightOptionSeedService - 항공권 batch 저장 완료 : 1007건 
2026-06-18 13:16:33.594 [http-nio-8080-exec-1] INFO  c.m.f.s.FlightOptionSeedService - 항공권 batch 저장 완료 : 1015건 
2026-06-18 13:16:34.686 [http-nio-8080-exec-1] INFO  c.m.f.s.FlightOptionSeedService - 항공권 batch 저장 완료 : 1009건 
2026-06-18 13:16:36.031 [http-nio-8080-exec-1] INFO  c.m.f.s.FlightOptionSeedService - 항공권 batch 저장 완료 : 1017건 
2026-06-18 13:16:36.034 [http-nio-8080-exec-1] INFO  c.m.f.s.FlightOptionSeedService - 항공권 생성 중 날짜 : 2026-08-09
2026-06-18 13:16:37.722 [http-nio-8080-exec-1] INFO  c.m.f.s.FlightOptionSeedService - 항공권 batch 저장 완료 : 1003건 
2026-06-18 13:16:39.179 [http-nio-8080-exec-1] INFO  c.m.f.s.FlightOptionSeedService - 항공권 batch 저장 완료 : 1011건 
2026-06-18 13:16:40.583 [http-nio-8080-exec-1] INFO  c.m.f.s.FlightOptionSeedService - 항공권 batch 저장 완료 : 1014건 
2026-06-18 13:16:41.902 [http-nio-8080-exec-1] INFO  c.m.f.s.FlightOptionSeedService - 항공권 batch 저장 완료 : 1032건 
2026-06-18 13:16:43.365 [http-nio-8080-exec-1] INFO  c.m.f.s.FlightOptionSeedService - 항공권 batch 저장 완료 : 1010건 
2026-06-18 13:16:43.366 [http-nio-8080-exec-1] INFO  c.m.f.s.FlightOptionSeedService - 항공권 생성 중 날짜 : 2026-08-10
2026-06-18 13:16:44.684 [http-nio-8080-exec-1] INFO  c.m.f.s.FlightOptionSeedService - 항공권 batch 저장 완료 : 1023건 
2026-06-18 13:16:47.008 [http-nio-8080-exec-1] INFO  c.m.f.s.FlightOptionSeedService - 항공권 batch 저장 완료 : 1004건 
2026-06-18 13:16:48.638 [http-nio-8080-exec-1] INFO  c.m.f.s.FlightOptionSeedService - 항공권 batch 저장 완료 : 1000건 
2026-06-18 13:16:50.387 [http-nio-8080-exec-1] INFO  c.m.f.s.FlightOptionSeedService - 항공권 batch 저장 완료 : 1027건 
2026-06-18 13:16:52.194 [http-nio-8080-exec-1] INFO  c.m.f.s.FlightOptionSeedService - 항공권 batch 저장 완료 : 1024건 
2026-06-18 13:16:52.195 [http-nio-8080-exec-1] INFO  c.m.f.s.FlightOptionSeedService - 항공권 생성 중 날짜 : 2026-08-11
2026-06-18 13:16:54.234 [http-nio-8080-exec-1] INFO  c.m.f.s.FlightOptionSeedService - 항공권 batch 저장 완료 : 1008건 
2026-06-18 13:16:56.123 [http-nio-8080-exec-1] INFO  c.m.f.s.FlightOptionSeedService - 항공권 batch 저장 완료 : 1001건 
2026-06-18 13:16:57.752 [http-nio-8080-exec-1] INFO  c.m.f.s.FlightOptionSeedService - 항공권 batch 저장 완료 : 1011건 
2026-06-18 13:16:59.792 [http-nio-8080-exec-1] INFO  c.m.f.s.FlightOptionSeedService - 항공권 batch 저장 완료 : 1040건 
2026-06-18 13:16:59.793 [http-nio-8080-exec-1] INFO  c.m.f.s.FlightOptionSeedService - 항공권 생성 중 날짜 : 2026-08-12
2026-06-18 13:17:01.648 [http-nio-8080-exec-1] INFO  c.m.f.s.FlightOptionSeedService - 항공권 batch 저장 완료 : 1015건 
2026-06-18 13:17:03.597 [http-nio-8080-exec-1] INFO  c.m.f.s.FlightOptionSeedService - 항공권 batch 저장 완료 : 1030건 
2026-06-18 13:17:05.220 [http-nio-8080-exec-1] INFO  c.m.f.s.FlightOptionSeedService - 항공권 batch 저장 완료 : 1006건 
2026-06-18 13:17:06.903 [http-nio-8080-exec-1] INFO  c.m.f.s.FlightOptionSeedService - 항공권 batch 저장 완료 : 1009건 
2026-06-18 13:17:08.829 [http-nio-8080-exec-1] INFO  c.m.f.s.FlightOptionSeedService - 항공권 batch 저장 완료 : 1002건 
2026-06-18 13:17:08.830 [http-nio-8080-exec-1] INFO  c.m.f.s.FlightOptionSeedService - 항공권 생성 중 날짜 : 2026-08-13
2026-06-18 13:17:11.180 [http-nio-8080-exec-1] INFO  c.m.f.s.FlightOptionSeedService - 항공권 batch 저장 완료 : 1028건 
2026-06-18 13:17:13.509 [http-nio-8080-exec-1] INFO  c.m.f.s.FlightOptionSeedService - 항공권 batch 저장 완료 : 1001건 
2026-06-18 13:17:15.375 [http-nio-8080-exec-1] INFO  c.m.f.s.FlightOptionSeedService - 항공권 batch 저장 완료 : 1027건 
2026-06-18 13:17:17.919 [http-nio-8080-exec-1] INFO  c.m.f.s.FlightOptionSeedService - 항공권 batch 저장 완료 : 1006건 
2026-06-18 13:17:17.920 [http-nio-8080-exec-1] INFO  c.m.f.s.FlightOptionSeedService - 항공권 생성 중 날짜 : 2026-08-14
2026-06-18 13:17:19.709 [http-nio-8080-exec-1] INFO  c.m.f.s.FlightOptionSeedService - 항공권 batch 저장 완료 : 1005건 
2026-06-18 13:17:21.526 [http-nio-8080-exec-1] INFO  c.m.f.s.FlightOptionSeedService - 항공권 batch 저장 완료 : 1028건 
2026-06-18 13:17:23.276 [http-nio-8080-exec-1] INFO  c.m.f.s.FlightOptionSeedService - 항공권 batch 저장 완료 : 1002건 
2026-06-18 13:17:25.041 [http-nio-8080-exec-1] INFO  c.m.f.s.FlightOptionSeedService - 항공권 batch 저장 완료 : 1016건 
2026-06-18 13:17:27.104 [http-nio-8080-exec-1] INFO  c.m.f.s.FlightOptionSeedService - 항공권 batch 저장 완료 : 1011건 
2026-06-18 13:17:27.106 [http-nio-8080-exec-1] INFO  c.m.f.s.FlightOptionSeedService - 항공권 생성 중 날짜 : 2026-08-15
2026-06-18 13:17:28.755 [http-nio-8080-exec-1] INFO  c.m.f.s.FlightOptionSeedService - 항공권 batch 저장 완료 : 1016건 
2026-06-18 13:17:30.510 [http-nio-8080-exec-1] INFO  c.m.f.s.FlightOptionSeedService - 항공권 batch 저장 완료 : 1003건 
2026-06-18 13:17:32.170 [http-nio-8080-exec-1] INFO  c.m.f.s.FlightOptionSeedService - 항공권 batch 저장 완료 : 1003건 
2026-06-18 13:17:34.479 [http-nio-8080-exec-1] INFO  c.m.f.s.FlightOptionSeedService - 항공권 batch 저장 완료 : 1001건 
2026-06-18 13:17:34.480 [http-nio-8080-exec-1] INFO  c.m.f.s.FlightOptionSeedService - 항공권 생성 중 날짜 : 2026-08-16
2026-06-18 13:17:36.467 [http-nio-8080-exec-1] INFO  c.m.f.s.FlightOptionSeedService - 항공권 batch 저장 완료 : 1011건 
2026-06-18 13:17:38.690 [http-nio-8080-exec-1] INFO  c.m.f.s.FlightOptionSeedService - 항공권 batch 저장 완료 : 1016건 
2026-06-18 13:17:40.925 [http-nio-8080-exec-1] INFO  c.m.f.s.FlightOptionSeedService - 항공권 batch 저장 완료 : 1002건 
2026-06-18 13:17:43.075 [http-nio-8080-exec-1] INFO  c.m.f.s.FlightOptionSeedService - 항공권 batch 저장 완료 : 1039건 
2026-06-18 13:17:45.055 [http-nio-8080-exec-1] INFO  c.m.f.s.FlightOptionSeedService - 항공권 batch 저장 완료 : 1013건 
2026-06-18 13:17:45.056 [http-nio-8080-exec-1] INFO  c.m.f.s.FlightOptionSeedService - 항공권 생성 중 날짜 : 2026-08-17
2026-06-18 13:17:47.200 [http-nio-8080-exec-1] INFO  c.m.f.s.FlightOptionSeedService - 항공권 batch 저장 완료 : 1032건 
2026-06-18 13:17:49.627 [http-nio-8080-exec-1] INFO  c.m.f.s.FlightOptionSeedService - 항공권 batch 저장 완료 : 1007건 
2026-06-18 13:17:51.220 [http-nio-8080-exec-1] INFO  c.m.f.s.FlightOptionSeedService - 항공권 batch 저장 완료 : 1032건 
2026-06-18 13:17:53.595 [http-nio-8080-exec-1] INFO  c.m.f.s.FlightOptionSeedService - 항공권 batch 저장 완료 : 1024건 
2026-06-18 13:17:53.599 [http-nio-8080-exec-1] INFO  c.m.f.s.FlightOptionSeedService - 항공권 생성 중 날짜 : 2026-08-18
2026-06-18 13:17:55.208 [http-nio-8080-exec-1] INFO  c.m.f.s.FlightOptionSeedService - 항공권 batch 저장 완료 : 1002건 
2026-06-18 13:17:57.259 [http-nio-8080-exec-1] INFO  c.m.f.s.FlightOptionSeedService - 항공권 batch 저장 완료 : 1012건 
2026-06-18 13:17:58.964 [http-nio-8080-exec-1] INFO  c.m.f.s.FlightOptionSeedService - 항공권 batch 저장 완료 : 1002건 
2026-06-18 13:18:00.678 [http-nio-8080-exec-1] INFO  c.m.f.s.FlightOptionSeedService - 항공권 batch 저장 완료 : 1035건 
2026-06-18 13:18:02.577 [http-nio-8080-exec-1] INFO  c.m.f.s.FlightOptionSeedService - 항공권 batch 저장 완료 : 1018건 
2026-06-18 13:18:02.579 [http-nio-8080-exec-1] INFO  c.m.f.s.FlightOptionSeedService - 항공권 생성 중 날짜 : 2026-08-19
2026-06-18 13:18:04.295 [http-nio-8080-exec-1] INFO  c.m.f.s.FlightOptionSeedService - 항공권 batch 저장 완료 : 1009건 
2026-06-18 13:18:06.124 [http-nio-8080-exec-1] INFO  c.m.f.s.FlightOptionSeedService - 항공권 batch 저장 완료 : 1002건 
2026-06-18 13:18:07.977 [http-nio-8080-exec-1] INFO  c.m.f.s.FlightOptionSeedService - 항공권 batch 저장 완료 : 1013건 
2026-06-18 13:18:14.108 [main] INFO  com.money.ExchangeApplication - Starting ExchangeApplication using Java 21.0.6 with PID 9132 (C:\Spring\exchange\build\classes\java\main started by perud in C:\Spring\exchange)
2026-06-18 13:18:14.112 [main] INFO  com.money.ExchangeApplication - No active profile set, falling back to 1 default profile: "default"
2026-06-18 13:18:15.463 [main] INFO  o.s.d.r.c.RepositoryConfigurationDelegate - Bootstrapping Spring Data JPA repositories in DEFAULT mode.
2026-06-18 13:18:15.654 [main] INFO  o.s.d.r.c.RepositoryConfigurationDelegate - Finished Spring Data repository scanning in 176 ms. Found 11 JPA repository interfaces.
2026-06-18 13:18:16.835 [main] INFO  o.s.boot.tomcat.TomcatWebServer - Tomcat initialized with port 8080 (http)
2026-06-18 13:18:16.865 [main] INFO  o.a.coyote.http11.Http11NioProtocol - Initializing ProtocolHandler ["http-nio-8080"]
2026-06-18 13:18:16.871 [main] INFO  o.a.catalina.core.StandardService - Starting service [Tomcat]
2026-06-18 13:18:16.871 [main] INFO  o.a.catalina.core.StandardEngine - Starting Servlet engine: [Apache Tomcat/11.0.15]
2026-06-18 13:18:17.023 [main] INFO  o.s.b.w.c.s.WebApplicationContextInitializer - Root WebApplicationContext: initialization completed in 2853 ms
2026-06-18 13:18:17.480 [main] INFO  org.hibernate.orm.jpa - HHH008540: Processing PersistenceUnitInfo [name: default]
2026-06-18 13:18:17.665 [main] INFO  org.hibernate.orm.core - HHH000001: Hibernate ORM core version 7.2.1.Final
2026-06-18 13:18:19.034 [main] INFO  o.s.o.j.p.SpringPersistenceUnitInfo - No LoadTimeWeaver setup: ignoring JPA class transformer
2026-06-18 13:18:19.133 [main] INFO  com.zaxxer.hikari.HikariDataSource - HikariPool-1 - Starting...
2026-06-18 13:18:19.409 [main] INFO  com.zaxxer.hikari.pool.HikariPool - HikariPool-1 - Added connection org.mariadb.jdbc.Connection@29f8134
2026-06-18 13:18:19.416 [main] INFO  com.zaxxer.hikari.HikariDataSource - HikariPool-1 - Start completed.
2026-06-18 13:18:19.570 [main] INFO  o.hibernate.orm.connections.pooling - HHH10001005: Database info:
	Database JDBC URL [jdbc:mariadb://localhost/exchange?user=perudeim&password=***]
	Database driver: MariaDB Connector/J
	Database dialect: MariaDBDialect
	Database version: 11.7.2
	Default catalog/schema: exchange/undefined
	Autocommit mode: undefined/unknown
	Isolation level: REPEATABLE_READ [default REPEATABLE_READ]
	JDBC fetch size: none
	Pool: DataSourceConnectionProvider
	Minimum pool size: undefined/unknown
	Maximum pool size: undefined/unknown
2026-06-18 13:18:21.825 [main] INFO  org.hibernate.orm.core - HHH000489: No JTA platform available (set 'hibernate.transaction.jta.platform' to enable JTA platform integration)
2026-06-18 13:18:21.834 [main] INFO  org.hibernate.orm.jdbc.batch - HHH100501: Automatic JDBC statement batching enabled (maximum batch size 1000)
2026-06-18 13:18:22.301 [main] INFO  o.s.o.j.LocalContainerEntityManagerFactoryBean - Initialized JPA EntityManagerFactory for persistence unit 'default'
2026-06-18 13:18:22.445 [main] INFO  o.s.d.j.r.q.QueryEnhancerFactories - Hibernate is in classpath; If applicable, HQL parser will be used.
2026-06-18 13:18:24.153 [main] INFO  c.m.e.scheduler.RateHistoryScheduler - 서버 시작 시 최근 환율 데이터 저장 시작
2026-06-18 13:18:25.566 [main] INFO  c.m.e.s.RateHistoryImportService - 환율 데이터 수집 완료. currencyCode=USD, days=7
2026-06-18 13:18:25.726 [main] INFO  c.m.e.s.RateHistoryImportService - 환율 데이터 수집 완료. currencyCode=JPY, days=7
2026-06-18 13:18:25.886 [main] INFO  c.m.e.s.RateHistoryImportService - 환율 데이터 수집 완료. currencyCode=EUR, days=7
2026-06-18 13:18:26.033 [main] INFO  c.m.e.s.RateHistoryImportService - 환율 데이터 수집 완료. currencyCode=CNY, days=7
2026-06-18 13:18:26.195 [main] INFO  c.m.e.s.RateHistoryImportService - 환율 데이터 수집 완료. currencyCode=GBP, days=7
2026-06-18 13:18:26.320 [main] INFO  c.m.e.s.RateHistoryImportService - 환율 데이터 수집 완료. currencyCode=AUD, days=7
2026-06-18 13:18:26.462 [main] INFO  c.m.e.s.RateHistoryImportService - 환율 데이터 수집 완료. currencyCode=CAD, days=7
2026-06-18 13:18:26.670 [main] INFO  c.m.e.s.RateHistoryImportService - 환율 데이터 수집 완료. currencyCode=CHF, days=7
2026-06-18 13:18:26.835 [main] INFO  c.m.e.s.RateHistoryImportService - 환율 데이터 수집 완료. currencyCode=HKD, days=7
2026-06-18 13:18:27.040 [main] INFO  c.m.e.s.RateHistoryImportService - 환율 데이터 수집 완료. currencyCode=SGD, days=7
2026-06-18 13:18:27.259 [main] INFO  c.m.e.s.RateHistoryImportService - 환율 데이터 수집 완료. currencyCode=THB, days=7
2026-06-18 13:18:27.435 [main] INFO  c.m.e.s.RateHistoryImportService - 환율 데이터 수집 완료. currencyCode=MYR, days=7
2026-06-18 13:18:27.588 [main] INFO  c.m.e.s.RateHistoryImportService - 환율 데이터 수집 완료. currencyCode=IDR, days=7
2026-06-18 13:18:27.739 [main] INFO  c.m.e.s.RateHistoryImportService - 환율 데이터 수집 완료. currencyCode=PHP, days=7
2026-06-18 13:18:27.915 [main] INFO  c.m.e.s.RateHistoryImportService - 환율 데이터 수집 완료. currencyCode=VND, days=7
2026-06-18 13:18:28.079 [main] INFO  c.m.e.s.RateHistoryImportService - 환율 데이터 수집 완료. currencyCode=TWD, days=7
2026-06-18 13:18:28.282 [main] INFO  c.m.e.s.RateHistoryImportService - 환율 데이터 수집 완료. currencyCode=NZD, days=7
2026-06-18 13:18:28.441 [main] INFO  c.m.e.s.RateHistoryImportService - 환율 데이터 수집 완료. currencyCode=SEK, days=7
2026-06-18 13:18:28.577 [main] INFO  c.m.e.s.RateHistoryImportService - 환율 데이터 수집 완료. currencyCode=NOK, days=7
2026-06-18 13:18:28.736 [main] INFO  c.m.e.s.RateHistoryImportService - 환율 데이터 수집 완료. currencyCode=DKK, days=7
2026-06-18 13:18:28.928 [main] INFO  c.m.e.s.RateHistoryImportService - 환율 데이터 수집 완료. currencyCode=AED, days=7
2026-06-18 13:18:29.058 [main] INFO  c.m.e.s.RateHistoryImportService - 환율 데이터 수집 완료. currencyCode=SAR, days=7
2026-06-18 13:18:29.189 [main] INFO  c.m.e.s.RateHistoryImportService - 환율 데이터 수집 완료. currencyCode=KWD, days=7
2026-06-18 13:18:29.320 [main] INFO  c.m.e.s.RateHistoryImportService - 환율 데이터 수집 완료. currencyCode=BHD, days=7
2026-06-18 13:18:29.320 [main] INFO  c.m.e.s.RateHistoryImportService - 최근 환율 데이터 수집 종료. days=7
2026-06-18 13:18:29.330 [main] INFO  c.m.e.scheduler.RateHistoryScheduler - 서버 시작 시 최근 환율 데이터 저장 완료
2026-06-18 13:18:30.221 [main] WARN  o.s.b.j.a.JpaBaseConfiguration$JpaWebConfiguration - spring.jpa.open-in-view is enabled by default. Therefore, database queries may be performed during view rendering. Explicitly configure spring.jpa.open-in-view to disable this warning
2026-06-18 13:18:30.854 [main] INFO  o.a.coyote.http11.Http11NioProtocol - Starting ProtocolHandler ["http-nio-8080"]
2026-06-18 13:18:30.911 [main] INFO  o.s.boot.tomcat.TomcatWebServer - Tomcat started on port 8080 (http) with context path '/'
2026-06-18 13:18:30.938 [main] INFO  com.money.ExchangeApplication - Started ExchangeApplication in 17.568 seconds (process running for 18.229)
2026-06-18 13:18:36.437 [http-nio-8080-exec-1] INFO  o.a.c.c.C.[Tomcat].[localhost].[/] - Initializing Spring DispatcherServlet 'dispatcherServlet'
2026-06-18 13:18:36.438 [http-nio-8080-exec-1] INFO  o.s.web.servlet.DispatcherServlet - Initializing Servlet 'dispatcherServlet'
2026-06-18 13:18:36.440 [http-nio-8080-exec-1] INFO  o.s.web.servlet.DispatcherServlet - Completed initialization in 2 ms
2026-06-18 13:18:36.539 [http-nio-8080-exec-1] INFO  c.m.f.s.FlightOptionSeedService - 항공권 범위 생성 시작 : 2026-08-01 ~ 2026-08-15
2026-06-18 13:18:37.969 [http-nio-8080-exec-1] INFO  c.m.f.s.FlightOptionSeedService - 항공권 생성 중 날짜 : 2026-08-01
2026-06-18 13:18:37.973 [http-nio-8080-exec-1] INFO  c.m.f.s.FlightOptionSeedService - 항공권 생성 중 날짜 : 2026-08-02
2026-06-18 13:18:41.703 [http-nio-8080-exec-1] INFO  c.m.f.s.FlightOptionSeedService - 항공권 batch 저장 완료 : 1001건 
2026-06-18 13:18:43.918 [http-nio-8080-exec-1] INFO  c.m.f.s.FlightOptionSeedService - 항공권 batch 저장 완료 : 1004건 
2026-06-18 13:18:45.431 [http-nio-8080-exec-1] INFO  c.m.f.s.FlightOptionSeedService - 항공권 batch 저장 완료 : 1023건 
2026-06-18 13:18:47.307 [http-nio-8080-exec-1] INFO  c.m.f.s.FlightOptionSeedService - 항공권 batch 저장 완료 : 1015건 
2026-06-18 13:18:47.310 [http-nio-8080-exec-1] INFO  c.m.f.s.FlightOptionSeedService - 항공권 생성 중 날짜 : 2026-08-03
2026-06-18 13:18:49.271 [http-nio-8080-exec-1] INFO  c.m.f.s.FlightOptionSeedService - 항공권 batch 저장 완료 : 1006건 
2026-06-18 13:18:50.954 [http-nio-8080-exec-1] INFO  c.m.f.s.FlightOptionSeedService - 항공권 batch 저장 완료 : 1002건 
2026-06-18 13:18:52.488 [http-nio-8080-exec-1] INFO  c.m.f.s.FlightOptionSeedService - 항공권 batch 저장 완료 : 1018건 
2026-06-18 13:18:54.365 [http-nio-8080-exec-1] INFO  c.m.f.s.FlightOptionSeedService - 항공권 batch 저장 완료 : 1019건 
2026-06-18 13:18:55.988 [http-nio-8080-exec-1] INFO  c.m.f.s.FlightOptionSeedService - 항공권 batch 저장 완료 : 1007건 
2026-06-18 13:18:55.990 [http-nio-8080-exec-1] INFO  c.m.f.s.FlightOptionSeedService - 항공권 생성 중 날짜 : 2026-08-04
2026-06-18 13:18:57.286 [http-nio-8080-exec-1] INFO  c.m.f.s.FlightOptionSeedService - 항공권 batch 저장 완료 : 1009건 
2026-06-18 13:18:59.377 [http-nio-8080-exec-1] INFO  c.m.f.s.FlightOptionSeedService - 항공권 batch 저장 완료 : 1000건 
2026-06-18 13:19:00.996 [http-nio-8080-exec-1] INFO  c.m.f.s.FlightOptionSeedService - 항공권 batch 저장 완료 : 1035건 
2026-06-18 13:19:03.101 [http-nio-8080-exec-1] INFO  c.m.f.s.FlightOptionSeedService - 항공권 batch 저장 완료 : 1033건 
2026-06-18 13:19:03.106 [http-nio-8080-exec-1] INFO  c.m.f.s.FlightOptionSeedService - 항공권 생성 중 날짜 : 2026-08-05
2026-06-18 13:19:04.501 [http-nio-8080-exec-1] INFO  c.m.f.s.FlightOptionSeedService - 항공권 batch 저장 완료 : 1015건 
2026-06-18 13:19:06.354 [http-nio-8080-exec-1] INFO  c.m.f.s.FlightOptionSeedService - 항공권 batch 저장 완료 : 1017건 
2026-06-18 13:19:07.920 [http-nio-8080-exec-1] INFO  c.m.f.s.FlightOptionSeedService - 항공권 batch 저장 완료 : 1012건 
2026-06-18 13:19:09.658 [http-nio-8080-exec-1] INFO  c.m.f.s.FlightOptionSeedService - 항공권 batch 저장 완료 : 1036건 
2026-06-18 13:19:11.634 [http-nio-8080-exec-1] INFO  c.m.f.s.FlightOptionSeedService - 항공권 batch 저장 완료 : 1006건 
2026-06-18 13:19:11.635 [http-nio-8080-exec-1] INFO  c.m.f.s.FlightOptionSeedService - 항공권 생성 중 날짜 : 2026-08-06
2026-06-18 13:19:13.336 [http-nio-8080-exec-1] INFO  c.m.f.s.FlightOptionSeedService - 항공권 batch 저장 완료 : 1022건 
2026-06-18 13:19:15.060 [http-nio-8080-exec-1] INFO  c.m.f.s.FlightOptionSeedService - 항공권 batch 저장 완료 : 1019건 
2026-06-18 13:19:16.700 [http-nio-8080-exec-1] INFO  c.m.f.s.FlightOptionSeedService - 항공권 batch 저장 완료 : 1019건 
2026-06-18 13:19:18.684 [http-nio-8080-exec-1] INFO  c.m.f.s.FlightOptionSeedService - 항공권 batch 저장 완료 : 1003건 
2026-06-18 13:19:18.685 [http-nio-8080-exec-1] INFO  c.m.f.s.FlightOptionSeedService - 항공권 생성 중 날짜 : 2026-08-07
2026-06-18 13:19:20.257 [http-nio-8080-exec-1] INFO  c.m.f.s.FlightOptionSeedService - 항공권 batch 저장 완료 : 1006건 
2026-06-18 13:19:21.976 [http-nio-8080-exec-1] INFO  c.m.f.s.FlightOptionSeedService - 항공권 batch 저장 완료 : 1025건 
2026-06-18 13:19:23.568 [http-nio-8080-exec-1] INFO  c.m.f.s.FlightOptionSeedService - 항공권 batch 저장 완료 : 1009건 
2026-06-18 13:19:25.170 [http-nio-8080-exec-1] INFO  c.m.f.s.FlightOptionSeedService - 항공권 batch 저장 완료 : 1009건 
2026-06-18 13:19:27.279 [http-nio-8080-exec-1] INFO  c.m.f.s.FlightOptionSeedService - 항공권 batch 저장 완료 : 1013건 
2026-06-18 13:19:27.280 [http-nio-8080-exec-1] INFO  c.m.f.s.FlightOptionSeedService - 항공권 생성 중 날짜 : 2026-08-08
2026-06-18 13:19:28.909 [http-nio-8080-exec-1] INFO  c.m.f.s.FlightOptionSeedService - 항공권 batch 저장 완료 : 1015건 
2026-06-18 13:19:30.734 [http-nio-8080-exec-1] INFO  c.m.f.s.FlightOptionSeedService - 항공권 batch 저장 완료 : 1012건 
2026-06-18 13:19:32.219 [http-nio-8080-exec-1] INFO  c.m.f.s.FlightOptionSeedService - 항공권 batch 저장 완료 : 1014건 
2026-06-18 13:19:34.379 [http-nio-8080-exec-1] INFO  c.m.f.s.FlightOptionSeedService - 항공권 batch 저장 완료 : 1011건 
2026-06-18 13:19:34.381 [http-nio-8080-exec-1] INFO  c.m.f.s.FlightOptionSeedService - 항공권 생성 중 날짜 : 2026-08-09
2026-06-18 13:19:36.148 [http-nio-8080-exec-1] INFO  c.m.f.s.FlightOptionSeedService - 항공권 batch 저장 완료 : 1007건 
2026-06-18 13:19:38.023 [http-nio-8080-exec-1] INFO  c.m.f.s.FlightOptionSeedService - 항공권 batch 저장 완료 : 1005건 
2026-06-18 13:19:39.667 [http-nio-8080-exec-1] INFO  c.m.f.s.FlightOptionSeedService - 항공권 batch 저장 완료 : 1005건 
2026-06-18 13:19:41.376 [http-nio-8080-exec-1] INFO  c.m.f.s.FlightOptionSeedService - 항공권 batch 저장 완료 : 1022건 
2026-06-18 13:19:43.442 [http-nio-8080-exec-1] INFO  c.m.f.s.FlightOptionSeedService - 항공권 batch 저장 완료 : 1004건 
2026-06-18 13:19:43.443 [http-nio-8080-exec-1] INFO  c.m.f.s.FlightOptionSeedService - 항공권 생성 중 날짜 : 2026-08-10
2026-06-18 13:19:44.938 [http-nio-8080-exec-1] INFO  c.m.f.s.FlightOptionSeedService - 항공권 batch 저장 완료 : 1011건 
2026-06-18 13:19:46.752 [http-nio-8080-exec-1] INFO  c.m.f.s.FlightOptionSeedService - 항공권 batch 저장 완료 : 1001건 
2026-06-18 13:19:48.292 [http-nio-8080-exec-1] INFO  c.m.f.s.FlightOptionSeedService - 항공권 batch 저장 완료 : 1000건 
2026-06-18 13:19:50.458 [http-nio-8080-exec-1] INFO  c.m.f.s.FlightOptionSeedService - 항공권 batch 저장 완료 : 1011건 
2026-06-18 13:19:50.460 [http-nio-8080-exec-1] INFO  c.m.f.s.FlightOptionSeedService - 항공권 생성 중 날짜 : 2026-08-11
2026-06-18 13:19:52.298 [http-nio-8080-exec-1] INFO  c.m.f.s.FlightOptionSeedService - 항공권 batch 저장 완료 : 1002건 
2026-06-18 13:19:53.966 [http-nio-8080-exec-1] INFO  c.m.f.s.FlightOptionSeedService - 항공권 batch 저장 완료 : 1023건 
2026-06-18 13:19:55.732 [http-nio-8080-exec-1] INFO  c.m.f.s.FlightOptionSeedService - 항공권 batch 저장 완료 : 1007건 
2026-06-18 13:19:58.286 [http-nio-8080-exec-1] INFO  c.m.f.s.FlightOptionSeedService - 항공권 batch 저장 완료 : 1001건 
2026-06-18 13:20:00.772 [http-nio-8080-exec-1] INFO  c.m.f.s.FlightOptionSeedService - 항공권 batch 저장 완료 : 1014건 
2026-06-18 13:20:00.773 [http-nio-8080-exec-1] INFO  c.m.f.s.FlightOptionSeedService - 항공권 생성 중 날짜 : 2026-08-12
2026-06-18 13:20:02.762 [http-nio-8080-exec-1] INFO  c.m.f.s.FlightOptionSeedService - 항공권 batch 저장 완료 : 1034건 
2026-06-18 13:20:04.965 [http-nio-8080-exec-1] INFO  c.m.f.s.FlightOptionSeedService - 항공권 batch 저장 완료 : 1014건 
2026-06-18 13:20:07.031 [http-nio-8080-exec-1] INFO  c.m.f.s.FlightOptionSeedService - 항공권 batch 저장 완료 : 1005건 
2026-06-18 13:20:09.283 [http-nio-8080-exec-1] INFO  c.m.f.s.FlightOptionSeedService - 항공권 batch 저장 완료 : 1012건 
2026-06-18 13:20:09.285 [http-nio-8080-exec-1] INFO  c.m.f.s.FlightOptionSeedService - 항공권 생성 중 날짜 : 2026-08-13
2026-06-18 13:20:11.163 [http-nio-8080-exec-1] INFO  c.m.f.s.FlightOptionSeedService - 항공권 batch 저장 완료 : 1009건 
2026-06-18 13:20:12.969 [http-nio-8080-exec-1] INFO  c.m.f.s.FlightOptionSeedService - 항공권 batch 저장 완료 : 1004건 
2026-06-18 13:20:15.374 [http-nio-8080-exec-1] INFO  c.m.f.s.FlightOptionSeedService - 항공권 batch 저장 완료 : 1014건 
2026-06-18 13:20:17.183 [http-nio-8080-exec-1] INFO  c.m.f.s.FlightOptionSeedService - 항공권 batch 저장 완료 : 1028건 
2026-06-18 13:20:19.439 [http-nio-8080-exec-1] INFO  c.m.f.s.FlightOptionSeedService - 항공권 batch 저장 완료 : 1010건 
2026-06-18 13:20:19.443 [http-nio-8080-exec-1] INFO  c.m.f.s.FlightOptionSeedService - 항공권 생성 중 날짜 : 2026-08-14
2026-06-18 13:20:20.932 [http-nio-8080-exec-1] INFO  c.m.f.s.FlightOptionSeedService - 항공권 batch 저장 완료 : 1033건 
2026-06-18 13:20:23.063 [http-nio-8080-exec-1] INFO  c.m.f.s.FlightOptionSeedService - 항공권 batch 저장 완료 : 1016건 
2026-06-18 13:20:24.700 [http-nio-8080-exec-1] INFO  c.m.f.s.FlightOptionSeedService - 항공권 batch 저장 완료 : 1004건 
2026-06-18 13:20:26.443 [http-nio-8080-exec-1] INFO  c.m.f.s.FlightOptionSeedService - 항공권 batch 저장 완료 : 1010건 
2026-06-18 13:20:28.206 [http-nio-8080-exec-1] INFO  c.m.f.s.FlightOptionSeedService - 항공권 batch 저장 완료 : 1023건 
2026-06-18 13:20:28.206 [http-nio-8080-exec-1] INFO  c.m.f.s.FlightOptionSeedService - 항공권 생성 중 날짜 : 2026-08-15
2026-06-18 13:20:30.239 [http-nio-8080-exec-1] INFO  c.m.f.s.FlightOptionSeedService - 항공권 batch 저장 완료 : 1017건 
2026-06-18 13:20:32.086 [http-nio-8080-exec-1] INFO  c.m.f.s.FlightOptionSeedService - 항공권 batch 저장 완료 : 1013건 
2026-06-18 13:20:33.545 [http-nio-8080-exec-1] INFO  c.m.f.s.FlightOptionSeedService - 항공권 batch 저장 완료 : 1016건 
2026-06-18 13:20:35.699 [http-nio-8080-exec-1] INFO  c.m.f.s.FlightOptionSeedService - 항공권 batch 저장 완료 : 1000건 
2026-06-18 13:20:37.068 [http-nio-8080-exec-1] INFO  c.m.f.s.FlightOptionSeedService - 항공권 batch 저장 완료 : 608건 
2026-06-18 13:20:37.068 [http-nio-8080-exec-1] INFO  c.m.f.s.FlightOptionSeedService - 항공권 범위 생성 완료 : 2026-08-01 ~ 2026-08-15, 생성 건수: 64418
2026-06-18 13:34:23.942 [http-nio-8080-exec-5] INFO  c.m.f.s.FlightOptionSeedService - 항공권 범위 생성 시작 : 2026-08-15 ~ 2026-08-31
2026-06-18 13:34:24.549 [http-nio-8080-exec-5] INFO  c.m.f.s.FlightOptionSeedService - 항공권 생성 중 날짜 : 2026-08-15
2026-06-18 13:34:24.550 [http-nio-8080-exec-5] INFO  c.m.f.s.FlightOptionSeedService - 항공권 생성 중 날짜 : 2026-08-16
2026-06-18 13:34:25.752 [http-nio-8080-exec-5] INFO  c.m.f.s.FlightOptionSeedService - 항공권 batch 저장 완료 : 1000건 
2026-06-18 13:34:27.069 [http-nio-8080-exec-5] INFO  c.m.f.s.FlightOptionSeedService - 항공권 batch 저장 완료 : 1003건 
2026-06-18 13:34:28.314 [http-nio-8080-exec-5] INFO  c.m.f.s.FlightOptionSeedService - 항공권 batch 저장 완료 : 1030건 
2026-06-18 13:34:29.920 [http-nio-8080-exec-5] INFO  c.m.f.s.FlightOptionSeedService - 항공권 batch 저장 완료 : 1010건 
2026-06-18 13:34:29.922 [http-nio-8080-exec-5] INFO  c.m.f.s.FlightOptionSeedService - 항공권 생성 중 날짜 : 2026-08-17
2026-06-18 13:34:30.958 [http-nio-8080-exec-5] INFO  c.m.f.s.FlightOptionSeedService - 항공권 batch 저장 완료 : 1011건 
2026-06-18 13:34:32.195 [http-nio-8080-exec-5] INFO  c.m.f.s.FlightOptionSeedService - 항공권 batch 저장 완료 : 1006건 
2026-06-18 13:34:33.427 [http-nio-8080-exec-5] INFO  c.m.f.s.FlightOptionSeedService - 항공권 batch 저장 완료 : 1016건 
2026-06-18 13:34:34.505 [http-nio-8080-exec-5] INFO  c.m.f.s.FlightOptionSeedService - 항공권 batch 저장 완료 : 1005건 
2026-06-18 13:34:35.606 [http-nio-8080-exec-5] INFO  c.m.f.s.FlightOptionSeedService - 항공권 batch 저장 완료 : 1004건 
2026-06-18 13:34:35.606 [http-nio-8080-exec-5] INFO  c.m.f.s.FlightOptionSeedService - 항공권 생성 중 날짜 : 2026-08-18
2026-06-18 13:34:36.667 [http-nio-8080-exec-5] INFO  c.m.f.s.FlightOptionSeedService - 항공권 batch 저장 완료 : 1027건 
2026-06-18 13:34:37.932 [http-nio-8080-exec-5] INFO  c.m.f.s.FlightOptionSeedService - 항공권 batch 저장 완료 : 1013건 
2026-06-18 13:34:38.911 [http-nio-8080-exec-5] INFO  c.m.f.s.FlightOptionSeedService - 항공권 batch 저장 완료 : 1021건 
2026-06-18 13:34:40.065 [http-nio-8080-exec-5] INFO  c.m.f.s.FlightOptionSeedService - 항공권 batch 저장 완료 : 1011건 
2026-06-18 13:34:40.066 [http-nio-8080-exec-5] INFO  c.m.f.s.FlightOptionSeedService - 항공권 생성 중 날짜 : 2026-08-19
2026-06-18 13:34:41.074 [http-nio-8080-exec-5] INFO  c.m.f.s.FlightOptionSeedService - 항공권 batch 저장 완료 : 1005건 
2026-06-18 13:34:42.244 [http-nio-8080-exec-5] INFO  c.m.f.s.FlightOptionSeedService - 항공권 batch 저장 완료 : 1015건 
2026-06-18 13:34:43.528 [http-nio-8080-exec-5] INFO  c.m.f.s.FlightOptionSeedService - 항공권 batch 저장 완료 : 1021건 
2026-06-18 13:34:44.551 [http-nio-8080-exec-5] INFO  c.m.f.s.FlightOptionSeedService - 항공권 batch 저장 완료 : 1009건 
2026-06-18 13:34:45.720 [http-nio-8080-exec-5] INFO  c.m.f.s.FlightOptionSeedService - 항공권 batch 저장 완료 : 1019건 
2026-06-18 13:34:45.720 [http-nio-8080-exec-5] INFO  c.m.f.s.FlightOptionSeedService - 항공권 생성 중 날짜 : 2026-08-20
2026-06-18 13:34:46.755 [http-nio-8080-exec-5] INFO  c.m.f.s.FlightOptionSeedService - 항공권 batch 저장 완료 : 1017건 
2026-06-18 13:34:47.999 [http-nio-8080-exec-5] INFO  c.m.f.s.FlightOptionSeedService - 항공권 batch 저장 완료 : 1013건 
2026-06-18 13:34:48.987 [http-nio-8080-exec-5] INFO  c.m.f.s.FlightOptionSeedService - 항공권 batch 저장 완료 : 1016건 
2026-06-18 13:34:50.170 [http-nio-8080-exec-5] INFO  c.m.f.s.FlightOptionSeedService - 항공권 batch 저장 완료 : 1019건 
2026-06-18 13:34:50.172 [http-nio-8080-exec-5] INFO  c.m.f.s.FlightOptionSeedService - 항공권 생성 중 날짜 : 2026-08-21
2026-06-18 13:34:51.224 [http-nio-8080-exec-5] INFO  c.m.f.s.FlightOptionSeedService - 항공권 batch 저장 완료 : 1015건 
2026-06-18 13:34:52.346 [http-nio-8080-exec-5] INFO  c.m.f.s.FlightOptionSeedService - 항공권 batch 저장 완료 : 1023건 
2026-06-18 13:34:53.423 [http-nio-8080-exec-5] INFO  c.m.f.s.FlightOptionSeedService - 항공권 batch 저장 완료 : 1002건 
2026-06-18 13:34:54.503 [http-nio-8080-exec-5] INFO  c.m.f.s.FlightOptionSeedService - 항공권 batch 저장 완료 : 1026건 
2026-06-18 13:34:55.678 [http-nio-8080-exec-5] INFO  c.m.f.s.FlightOptionSeedService - 항공권 batch 저장 완료 : 1009건 
2026-06-18 13:34:55.679 [http-nio-8080-exec-5] INFO  c.m.f.s.FlightOptionSeedService - 항공권 생성 중 날짜 : 2026-08-22
2026-06-18 13:34:56.665 [http-nio-8080-exec-5] INFO  c.m.f.s.FlightOptionSeedService - 항공권 batch 저장 완료 : 1000건 
2026-06-18 13:34:57.869 [http-nio-8080-exec-5] INFO  c.m.f.s.FlightOptionSeedService - 항공권 batch 저장 완료 : 1009건 
2026-06-18 13:34:58.827 [http-nio-8080-exec-5] INFO  c.m.f.s.FlightOptionSeedService - 항공권 batch 저장 완료 : 1003건 
2026-06-18 13:35:00.056 [http-nio-8080-exec-5] INFO  c.m.f.s.FlightOptionSeedService - 항공권 batch 저장 완료 : 1026건 
2026-06-18 13:35:00.058 [http-nio-8080-exec-5] INFO  c.m.f.s.FlightOptionSeedService - 항공권 생성 중 날짜 : 2026-08-23
2026-06-18 13:35:01.148 [http-nio-8080-exec-5] INFO  c.m.f.s.FlightOptionSeedService - 항공권 batch 저장 완료 : 1000건 
2026-06-18 13:35:02.173 [http-nio-8080-exec-5] INFO  c.m.f.s.FlightOptionSeedService - 항공권 batch 저장 완료 : 1006건 
2026-06-18 13:35:03.248 [http-nio-8080-exec-5] INFO  c.m.f.s.FlightOptionSeedService - 항공권 batch 저장 완료 : 1014건 
2026-06-18 13:35:04.368 [http-nio-8080-exec-5] INFO  c.m.f.s.FlightOptionSeedService - 항공권 batch 저장 완료 : 1037건 
2026-06-18 13:35:05.557 [http-nio-8080-exec-5] INFO  c.m.f.s.FlightOptionSeedService - 항공권 batch 저장 완료 : 1007건 
2026-06-18 13:35:05.559 [http-nio-8080-exec-5] INFO  c.m.f.s.FlightOptionSeedService - 항공권 생성 중 날짜 : 2026-08-24
2026-06-18 13:35:06.513 [http-nio-8080-exec-5] INFO  c.m.f.s.FlightOptionSeedService - 항공권 batch 저장 완료 : 1003건 
2026-06-18 13:35:07.680 [http-nio-8080-exec-5] INFO  c.m.f.s.FlightOptionSeedService - 항공권 batch 저장 완료 : 1021건 
2026-06-18 13:35:08.730 [http-nio-8080-exec-5] INFO  c.m.f.s.FlightOptionSeedService - 항공권 batch 저장 완료 : 1007건 
2026-06-18 13:35:09.882 [http-nio-8080-exec-5] INFO  c.m.f.s.FlightOptionSeedService - 항공권 batch 저장 완료 : 1011건 
2026-06-18 13:35:09.884 [http-nio-8080-exec-5] INFO  c.m.f.s.FlightOptionSeedService - 항공권 생성 중 날짜 : 2026-08-25
2026-06-18 13:35:10.933 [http-nio-8080-exec-5] INFO  c.m.f.s.FlightOptionSeedService - 항공권 batch 저장 완료 : 1003건 
2026-06-18 13:35:11.982 [http-nio-8080-exec-5] INFO  c.m.f.s.FlightOptionSeedService - 항공권 batch 저장 완료 : 1016건 
2026-06-18 13:35:13.098 [http-nio-8080-exec-5] INFO  c.m.f.s.FlightOptionSeedService - 항공권 batch 저장 완료 : 1004건 
2026-06-18 13:35:14.150 [http-nio-8080-exec-5] INFO  c.m.f.s.FlightOptionSeedService - 항공권 batch 저장 완료 : 1037건 
2026-06-18 13:35:15.336 [http-nio-8080-exec-5] INFO  c.m.f.s.FlightOptionSeedService - 항공권 batch 저장 완료 : 1004건 
2026-06-18 13:35:15.338 [http-nio-8080-exec-5] INFO  c.m.f.s.FlightOptionSeedService - 항공권 생성 중 날짜 : 2026-08-26
2026-06-18 13:35:16.260 [http-nio-8080-exec-5] INFO  c.m.f.s.FlightOptionSeedService - 항공권 batch 저장 완료 : 1010건 
2026-06-18 13:35:17.452 [http-nio-8080-exec-5] INFO  c.m.f.s.FlightOptionSeedService - 항공권 batch 저장 완료 : 1010건 
2026-06-18 13:35:18.534 [http-nio-8080-exec-5] INFO  c.m.f.s.FlightOptionSeedService - 항공권 batch 저장 완료 : 1010건 
2026-06-18 13:35:19.745 [http-nio-8080-exec-5] INFO  c.m.f.s.FlightOptionSeedService - 항공권 batch 저장 완료 : 1008건 
2026-06-18 13:35:20.789 [http-nio-8080-exec-5] INFO  c.m.f.s.FlightOptionSeedService - 항공권 batch 저장 완료 : 1010건 
2026-06-18 13:35:20.789 [http-nio-8080-exec-5] INFO  c.m.f.s.FlightOptionSeedService - 항공권 생성 중 날짜 : 2026-08-27
2026-06-18 13:35:21.796 [http-nio-8080-exec-5] INFO  c.m.f.s.FlightOptionSeedService - 항공권 batch 저장 완료 : 1025건 
2026-06-18 13:35:22.995 [http-nio-8080-exec-5] INFO  c.m.f.s.FlightOptionSeedService - 항공권 batch 저장 완료 : 1012건 
2026-06-18 13:35:23.969 [http-nio-8080-exec-5] INFO  c.m.f.s.FlightOptionSeedService - 항공권 batch 저장 완료 : 1035건 
2026-06-18 13:35:25.105 [http-nio-8080-exec-5] INFO  c.m.f.s.FlightOptionSeedService - 항공권 batch 저장 완료 : 1007건 
2026-06-18 13:35:25.106 [http-nio-8080-exec-5] INFO  c.m.f.s.FlightOptionSeedService - 항공권 생성 중 날짜 : 2026-08-28
2026-06-18 13:35:26.069 [http-nio-8080-exec-5] INFO  c.m.f.s.FlightOptionSeedService - 항공권 batch 저장 완료 : 1004건 
2026-06-18 13:35:27.208 [http-nio-8080-exec-5] INFO  c.m.f.s.FlightOptionSeedService - 항공권 batch 저장 완료 : 1011건 
2026-06-18 13:35:28.314 [http-nio-8080-exec-5] INFO  c.m.f.s.FlightOptionSeedService - 항공권 batch 저장 완료 : 1014건 
2026-06-18 13:35:29.368 [http-nio-8080-exec-5] INFO  c.m.f.s.FlightOptionSeedService - 항공권 batch 저장 완료 : 1014건 
2026-06-18 13:35:30.452 [http-nio-8080-exec-5] INFO  c.m.f.s.FlightOptionSeedService - 항공권 batch 저장 완료 : 1001건 
2026-06-18 13:35:30.453 [http-nio-8080-exec-5] INFO  c.m.f.s.FlightOptionSeedService - 항공권 생성 중 날짜 : 2026-08-29
2026-06-18 13:35:31.468 [http-nio-8080-exec-5] INFO  c.m.f.s.FlightOptionSeedService - 항공권 batch 저장 완료 : 1038건 
2026-06-18 13:35:32.724 [http-nio-8080-exec-5] INFO  c.m.f.s.FlightOptionSeedService - 항공권 batch 저장 완료 : 1019건 
2026-06-18 13:35:33.721 [http-nio-8080-exec-5] INFO  c.m.f.s.FlightOptionSeedService - 항공권 batch 저장 완료 : 1013건 
2026-06-18 13:35:34.880 [http-nio-8080-exec-5] INFO  c.m.f.s.FlightOptionSeedService - 항공권 batch 저장 완료 : 1012건 
2026-06-18 13:35:34.881 [http-nio-8080-exec-5] INFO  c.m.f.s.FlightOptionSeedService - 항공권 생성 중 날짜 : 2026-08-30
2026-06-18 13:35:35.830 [http-nio-8080-exec-5] INFO  c.m.f.s.FlightOptionSeedService - 항공권 batch 저장 완료 : 1008건 
2026-06-18 13:35:36.934 [http-nio-8080-exec-5] INFO  c.m.f.s.FlightOptionSeedService - 항공권 batch 저장 완료 : 1002건 
2026-06-18 13:35:38.007 [http-nio-8080-exec-5] INFO  c.m.f.s.FlightOptionSeedService - 항공권 batch 저장 완료 : 1001건 
2026-06-18 13:35:39.123 [http-nio-8080-exec-5] INFO  c.m.f.s.FlightOptionSeedService - 항공권 batch 저장 완료 : 1038건 
2026-06-18 13:35:40.228 [http-nio-8080-exec-5] INFO  c.m.f.s.FlightOptionSeedService - 항공권 batch 저장 완료 : 1003건 
2026-06-18 13:35:40.229 [http-nio-8080-exec-5] INFO  c.m.f.s.FlightOptionSeedService - 항공권 생성 중 날짜 : 2026-08-31
2026-06-18 13:35:41.241 [http-nio-8080-exec-5] INFO  c.m.f.s.FlightOptionSeedService - 항공권 batch 저장 완료 : 1027건 
2026-06-18 13:35:42.557 [http-nio-8080-exec-5] INFO  c.m.f.s.FlightOptionSeedService - 항공권 batch 저장 완료 : 1001건 
2026-06-18 13:35:43.844 [http-nio-8080-exec-5] INFO  c.m.f.s.FlightOptionSeedService - 항공권 batch 저장 완료 : 1000건 
2026-06-18 13:35:45.508 [http-nio-8080-exec-5] INFO  c.m.f.s.FlightOptionSeedService - 항공권 batch 저장 완료 : 1028건 
2026-06-18 13:35:46.687 [http-nio-8080-exec-5] INFO  c.m.f.s.FlightOptionSeedService - 항공권 batch 저장 완료 : 841건 
2026-06-18 13:35:46.687 [http-nio-8080-exec-5] INFO  c.m.f.s.FlightOptionSeedService - 항공권 범위 생성 완료 : 2026-08-15 ~ 2026-08-31, 생성 건수: 73776
2026-06-18 13:49:55.644 [main] INFO  com.money.ExchangeApplication - Starting ExchangeApplication using Java 21.0.6 with PID 11748 (C:\Spring\exchange\build\classes\java\main started by perud in C:\Spring\exchange)
2026-06-18 13:49:55.648 [main] INFO  com.money.ExchangeApplication - No active profile set, falling back to 1 default profile: "default"
2026-06-18 13:49:56.681 [main] INFO  o.s.d.r.c.RepositoryConfigurationDelegate - Bootstrapping Spring Data JPA repositories in DEFAULT mode.
2026-06-18 13:49:56.809 [main] INFO  o.s.d.r.c.RepositoryConfigurationDelegate - Finished Spring Data repository scanning in 119 ms. Found 11 JPA repository interfaces.
2026-06-18 13:49:57.573 [main] INFO  o.s.boot.tomcat.TomcatWebServer - Tomcat initialized with port 8080 (http)
2026-06-18 13:49:57.596 [main] INFO  o.a.coyote.http11.Http11NioProtocol - Initializing ProtocolHandler ["http-nio-8080"]
2026-06-18 13:49:57.600 [main] INFO  o.a.catalina.core.StandardService - Starting service [Tomcat]
2026-06-18 13:49:57.601 [main] INFO  o.a.catalina.core.StandardEngine - Starting Servlet engine: [Apache Tomcat/11.0.15]
2026-06-18 13:49:57.751 [main] INFO  o.s.b.w.c.s.WebApplicationContextInitializer - Root WebApplicationContext: initialization completed in 2033 ms
2026-06-18 13:49:58.122 [main] INFO  org.hibernate.orm.jpa - HHH008540: Processing PersistenceUnitInfo [name: default]
2026-06-18 13:49:58.259 [main] INFO  org.hibernate.orm.core - HHH000001: Hibernate ORM core version 7.2.1.Final
2026-06-18 13:49:59.328 [main] INFO  o.s.o.j.p.SpringPersistenceUnitInfo - No LoadTimeWeaver setup: ignoring JPA class transformer
2026-06-18 13:49:59.433 [main] INFO  com.zaxxer.hikari.HikariDataSource - HikariPool-1 - Starting...
2026-06-18 13:49:59.608 [main] INFO  com.zaxxer.hikari.pool.HikariPool - HikariPool-1 - Added connection org.mariadb.jdbc.Connection@29f8134
2026-06-18 13:49:59.611 [main] INFO  com.zaxxer.hikari.HikariDataSource - HikariPool-1 - Start completed.
2026-06-18 13:49:59.761 [main] INFO  o.hibernate.orm.connections.pooling - HHH10001005: Database info:
	Database JDBC URL [jdbc:mariadb://localhost/exchange?user=perudeim&password=***]
	Database driver: MariaDB Connector/J
	Database dialect: MariaDBDialect
	Database version: 11.7.2
	Default catalog/schema: exchange/undefined
	Autocommit mode: undefined/unknown
	Isolation level: REPEATABLE_READ [default REPEATABLE_READ]
	JDBC fetch size: none
	Pool: DataSourceConnectionProvider
	Minimum pool size: undefined/unknown
	Maximum pool size: undefined/unknown
2026-06-18 13:50:01.624 [main] INFO  org.hibernate.orm.core - HHH000489: No JTA platform available (set 'hibernate.transaction.jta.platform' to enable JTA platform integration)
2026-06-18 13:50:01.631 [main] INFO  org.hibernate.orm.jdbc.batch - HHH100501: Automatic JDBC statement batching enabled (maximum batch size 1000)
2026-06-18 13:50:02.275 [main] INFO  o.s.o.j.LocalContainerEntityManagerFactoryBean - Initialized JPA EntityManagerFactory for persistence unit 'default'
2026-06-18 13:50:02.466 [main] INFO  o.s.d.j.r.q.QueryEnhancerFactories - Hibernate is in classpath; If applicable, HQL parser will be used.
2026-06-18 13:50:03.925 [main] INFO  c.m.e.scheduler.RateHistoryScheduler - 서버 시작 시 최근 환율 데이터 저장 시작
2026-06-18 13:50:05.007 [main] INFO  c.m.e.s.RateHistoryImportService - 환율 데이터 수집 완료. currencyCode=USD, days=7
2026-06-18 13:50:05.138 [main] INFO  c.m.e.s.RateHistoryImportService - 환율 데이터 수집 완료. currencyCode=JPY, days=7
2026-06-18 13:50:05.278 [main] INFO  c.m.e.s.RateHistoryImportService - 환율 데이터 수집 완료. currencyCode=EUR, days=7
2026-06-18 13:50:05.418 [main] INFO  c.m.e.s.RateHistoryImportService - 환율 데이터 수집 완료. currencyCode=CNY, days=7
2026-06-18 13:50:05.634 [main] INFO  c.m.e.s.RateHistoryImportService - 환율 데이터 수집 완료. currencyCode=GBP, days=7
2026-06-18 13:50:05.780 [main] INFO  c.m.e.s.RateHistoryImportService - 환율 데이터 수집 완료. currencyCode=AUD, days=7
2026-06-18 13:50:05.909 [main] INFO  c.m.e.s.RateHistoryImportService - 환율 데이터 수집 완료. currencyCode=CAD, days=7
2026-06-18 13:50:06.054 [main] INFO  c.m.e.s.RateHistoryImportService - 환율 데이터 수집 완료. currencyCode=CHF, days=7
2026-06-18 13:50:06.200 [main] INFO  c.m.e.s.RateHistoryImportService - 환율 데이터 수집 완료. currencyCode=HKD, days=7
2026-06-18 13:50:06.350 [main] INFO  c.m.e.s.RateHistoryImportService - 환율 데이터 수집 완료. currencyCode=SGD, days=7
2026-06-18 13:50:06.472 [main] INFO  c.m.e.s.RateHistoryImportService - 환율 데이터 수집 완료. currencyCode=THB, days=7
2026-06-18 13:50:06.611 [main] INFO  c.m.e.s.RateHistoryImportService - 환율 데이터 수집 완료. currencyCode=MYR, days=7
2026-06-18 13:50:06.749 [main] INFO  c.m.e.s.RateHistoryImportService - 환율 데이터 수집 완료. currencyCode=IDR, days=7
2026-06-18 13:50:07.012 [main] INFO  c.m.e.s.RateHistoryImportService - 환율 데이터 수집 완료. currencyCode=PHP, days=7
2026-06-18 13:50:07.137 [main] INFO  c.m.e.s.RateHistoryImportService - 환율 데이터 수집 완료. currencyCode=VND, days=7
2026-06-18 13:50:07.269 [main] INFO  c.m.e.s.RateHistoryImportService - 환율 데이터 수집 완료. currencyCode=TWD, days=7
2026-06-18 13:50:07.409 [main] INFO  c.m.e.s.RateHistoryImportService - 환율 데이터 수집 완료. currencyCode=NZD, days=7
2026-06-18 13:50:07.686 [main] INFO  c.m.e.s.RateHistoryImportService - 환율 데이터 수집 완료. currencyCode=SEK, days=7
2026-06-18 13:50:07.819 [main] INFO  c.m.e.s.RateHistoryImportService - 환율 데이터 수집 완료. currencyCode=NOK, days=7
2026-06-18 13:50:08.124 [main] INFO  c.m.e.s.RateHistoryImportService - 환율 데이터 수집 완료. currencyCode=DKK, days=7
2026-06-18 13:50:08.246 [main] INFO  c.m.e.s.RateHistoryImportService - 환율 데이터 수집 완료. currencyCode=AED, days=7
2026-06-18 13:50:08.369 [main] INFO  c.m.e.s.RateHistoryImportService - 환율 데이터 수집 완료. currencyCode=SAR, days=7
2026-06-18 13:50:08.688 [main] INFO  c.m.e.s.RateHistoryImportService - 환율 데이터 수집 완료. currencyCode=KWD, days=7
2026-06-18 13:50:08.810 [main] INFO  c.m.e.s.RateHistoryImportService - 환율 데이터 수집 완료. currencyCode=BHD, days=7
2026-06-18 13:50:08.811 [main] INFO  c.m.e.s.RateHistoryImportService - 최근 환율 데이터 수집 종료. days=7
2026-06-18 13:50:08.816 [main] INFO  c.m.e.scheduler.RateHistoryScheduler - 서버 시작 시 최근 환율 데이터 저장 완료
2026-06-18 13:50:09.534 [main] WARN  o.s.b.j.a.JpaBaseConfiguration$JpaWebConfiguration - spring.jpa.open-in-view is enabled by default. Therefore, database queries may be performed during view rendering. Explicitly configure spring.jpa.open-in-view to disable this warning
2026-06-18 13:50:10.056 [main] INFO  o.a.coyote.http11.Http11NioProtocol - Starting ProtocolHandler ["http-nio-8080"]
2026-06-18 13:50:10.098 [main] INFO  o.s.boot.tomcat.TomcatWebServer - Tomcat started on port 8080 (http) with context path '/'
2026-06-18 13:50:10.116 [main] INFO  com.money.ExchangeApplication - Started ExchangeApplication in 15.14 seconds (process running for 15.611)
2026-06-18 13:50:33.261 [http-nio-8080-exec-1] INFO  o.a.c.c.C.[Tomcat].[localhost].[/] - Initializing Spring DispatcherServlet 'dispatcherServlet'
2026-06-18 13:50:33.262 [http-nio-8080-exec-1] INFO  o.s.web.servlet.DispatcherServlet - Initializing Servlet 'dispatcherServlet'
2026-06-18 13:50:33.264 [http-nio-8080-exec-1] INFO  o.s.web.servlet.DispatcherServlet - Completed initialization in 1 ms
2026-06-18 13:50:53.092 [http-nio-8080-exec-1] WARN  org.hibernate.orm.query - HHH90003004: firstResult/maxResults specified with collection fetch; applying in memory
2026-06-18 13:51:24.690 [http-nio-8080-exec-1] WARN  org.hibernate.orm.query - HHH90003004: firstResult/maxResults specified with collection fetch; applying in memory
